cliente_id,total_eventos,dias_activo,logins,pagos_iniciados,pagos_exitosos,pagos_fallidos,consultas_saldo,simulaciones_credito,solicitudes_soporte,pct_exitosos,pct_abandonados,sesion_promedio_seg,tasa_conversion_pago
CL00001,4,189,2,0,0,1,0,1,0,0.5,0.25,135.75,0.0
CL00002,8,177,4,0,0,1,1,1,0,0.875,0.0,162.75,0.0
CL00003,18,796,7,4,2,0,3,1,0,0.8888888888888888,0.1111111111111111,160.0,0.5
CL00004,6,208,2,0,0,0,1,2,1,0.8333333333333334,0.0,141.5,0.0
CL00005,10,104,3,2,2,1,2,0,0,0.6,0.3,205.8,1.0
CL00006,8,647,0,1,0,2,2,1,0,0.75,0.0,174.125,0.0
CL00007,12,383,5,0,1,1,3,1,1,0.5833333333333334,0.25,160.08333333333334,0.0
CL00008,13,725,5,2,2,1,2,0,1,0.5384615384615384,0.3076923076923077,144.3846153846154,1.0
CL00009,6,177,2,0,0,0,2,0,0,1.0,0.0,150.0,0.0
CL00010,12,450,3,1,2,0,2,1,3,0.5833333333333334,0.16666666666666666,154.75,2.0
CL00011,12,192,4,3,0,0,2,1,1,0.6666666666666666,0.25,198.66666666666666,0.0
CL00012,7,678,4,1,1,0,1,0,0,1.0,0.0,207.85714285714286,1.0
CL00013,10,449,2,2,3,1,1,1,0,0.8,0.1,139.3,1.5
CL00014,10,177,3,2,1,0,2,0,1,0.4,0.5,145.4,0.5
CL00015,24,117,6,6,1,2,5,0,1,0.7916666666666666,0.08333333333333333,159.5,0.16666666666666666
CL00016,7,801,0,1,0,0,1,1,2,0.5714285714285714,0.14285714285714285,142.42857142857142,0.0
CL00017,10,492,3,0,2,0,3,1,0,0.8,0.2,174.3,0.0
CL00018,12,637,6,2,0,0,2,0,2,0.6666666666666666,0.16666666666666666,127.41666666666667,0.0
CL00019,3,501,0,1,1,0,1,0,0,0.6666666666666666,0.3333333333333333,164.33333333333334,1.0
CL00020,13,928,6,2,1,1,1,0,2,0.6153846153846154,0.15384615384615385,116.0,0.5
CL00021,9,801,2,2,0,1,2,1,0,0.6666666666666666,0.2222222222222222,143.0,0.0
CL00022,4,821,1,1,0,0,0,2,0,0.75,0.25,81.75,0.0
CL00023,5,122,0,2,0,0,1,0,1,0.6,0.2,69.0,0.0
CL00024,4,296,2,1,0,0,1,0,0,1.0,0.0,118.25,0.0
CL00025,8,816,4,0,0,0,2,1,0,0.875,0.125,101.875,0.0
CL00026,6,145,2,1,0,0,0,1,2,0.5,0.16666666666666666,190.33333333333334,0.0
CL00027,4,938,3,0,0,0,1,0,0,0.75,0.25,156.75,0.0
CL00028,18,153,9,3,0,0,4,1,0,0.9444444444444444,0.05555555555555555,150.05555555555554,0.0
CL00029,10,611,1,3,1,0,1,0,3,0.6,0.1,183.4,0.3333333333333333
CL00030,9,156,2,3,2,1,0,0,1,0.5555555555555556,0.2222222222222222,149.22222222222223,0.6666666666666666
CL00031,6,495,1,0,1,0,1,1,2,0.6666666666666666,0.0,92.5,0.0
CL00032,4,1019,1,0,0,0,2,0,0,1.0,0.0,216.5,0.0
CL00033,6,219,2,1,1,0,0,1,1,0.6666666666666666,0.16666666666666666,120.33333333333333,1.0
CL00034,22,109,6,2,0,2,4,1,4,0.6818181818181818,0.045454545454545456,168.54545454545453,0.0
CL00035,8,262,6,0,0,0,0,0,2,0.625,0.125,85.875,0.0
CL00036,17,389,4,4,1,2,3,1,0,0.7647058823529411,0.11764705882352941,153.1764705882353,0.25
CL00037,8,232,2,0,1,0,4,0,0,0.875,0.125,147.625,0.0
CL00038,8,204,2,2,0,0,2,0,1,0.625,0.25,160.75,0.0
CL00039,13,621,2,3,3,1,1,2,0,0.8461538461538461,0.07692307692307693,202.23076923076923,1.0
CL00040,14,134,6,2,1,0,2,0,3,0.5714285714285714,0.21428571428571427,128.28571428571428,0.5
CL00041,8,929,3,1,3,0,0,0,1,0.875,0.0,105.625,3.0
CL00042,7,267,3,0,2,0,0,1,1,0.7142857142857143,0.14285714285714285,243.57142857142858,0.0
CL00043,5,519,2,0,0,0,1,0,1,0.4,0.4,172.8,0.0
CL00044,10,364,1,2,1,1,2,1,2,0.7,0.0,112.9,0.5
CL00045,4,278,1,1,1,0,0,0,0,1.0,0.0,115.0,1.0
CL00046,13,378,3,2,0,1,5,0,1,0.6153846153846154,0.23076923076923078,205.84615384615384,0.0
CL00047,10,256,4,2,0,0,2,0,2,0.8,0.0,139.2,0.0
CL00048,15,464,4,2,1,2,3,1,1,0.6666666666666666,0.13333333333333333,161.4,0.5
CL00049,4,132,1,0,3,0,0,0,0,0.75,0.25,155.75,0.0
CL00050,7,787,2,0,0,0,4,0,1,0.5714285714285714,0.2857142857142857,185.14285714285714,0.0
CL00051,10,585,3,1,2,0,2,1,0,0.8,0.2,135.0,2.0
CL00052,12,516,3,1,2,0,3,0,3,0.5833333333333334,0.16666666666666666,126.08333333333333,2.0
CL00053,11,154,4,1,1,1,2,0,2,0.6363636363636364,0.09090909090909091,157.36363636363637,1.0
CL00054,5,818,1,1,0,0,2,0,0,1.0,0.0,166.2,0.0
CL00055,3,182,1,0,0,0,2,0,0,0.6666666666666666,0.3333333333333333,110.66666666666667,0.0
CL00056,10,162,2,3,1,1,2,1,0,0.7,0.2,117.4,0.3333333333333333
CL00057,6,709,2,0,0,0,2,0,1,0.5,0.3333333333333333,132.0,0.0
CL00058,5,744,1,0,1,0,2,0,1,0.6,0.2,195.0,0.0
CL00059,11,234,3,0,3,1,2,0,2,0.45454545454545453,0.2727272727272727,224.54545454545453,0.0
CL00060,13,308,3,2,2,1,4,0,0,0.8461538461538461,0.07692307692307693,155.76923076923077,1.0
CL00061,9,899,2,1,3,0,2,1,0,1.0,0.0,191.55555555555554,3.0
CL00062,8,181,2,0,2,0,0,1,2,0.625,0.125,130.5,0.0
CL00063,9,1016,5,2,1,0,1,0,0,1.0,0.0,200.22222222222223,0.5
CL00064,9,699,5,2,1,0,0,0,1,0.7777777777777778,0.1111111111111111,144.0,0.5
CL00065,16,758,2,3,3,2,5,0,1,0.75,0.0625,186.6875,1.0
CL00066,3,299,0,0,0,0,1,0,2,0.3333333333333333,0.0,143.0,0.0
CL00067,12,380,3,2,1,1,4,0,0,0.9166666666666666,0.0,194.91666666666666,0.5
CL00068,14,656,3,2,2,0,4,1,2,0.8571428571428571,0.0,154.64285714285714,1.0
CL00069,10,850,5,2,1,0,1,0,0,1.0,0.0,167.3,0.5
CL00070,5,548,2,2,1,0,0,0,0,1.0,0.0,256.2,0.5
CL00071,3,27,0,0,1,0,1,0,1,0.6666666666666666,0.0,184.0,0.0
CL00072,8,172,3,2,1,0,2,0,0,0.875,0.125,153.75,0.5
CL00073,11,554,2,0,0,2,4,1,2,0.6363636363636364,0.0,123.54545454545455,0.0
CL00074,8,164,3,1,0,0,3,0,1,0.75,0.125,181.625,0.0
CL00075,6,347,2,0,1,1,0,1,0,0.8333333333333334,0.0,148.83333333333334,0.0
CL00076,10,616,2,2,2,0,4,0,0,0.8,0.2,192.7,1.0
CL00077,10,72,5,0,2,0,3,0,0,0.9,0.1,134.6,0.0
CL00078,10,299,2,3,2,0,1,0,2,0.6,0.2,156.3,0.6666666666666666
CL00079,11,665,5,0,0,0,4,1,1,0.7272727272727273,0.18181818181818182,194.54545454545453,0.0
CL00080,8,178,3,1,1,0,3,0,0,0.875,0.125,216.5,1.0
CL00081,9,837,2,1,2,0,4,0,0,1.0,0.0,122.0,2.0
CL00082,9,891,1,1,3,0,3,1,0,0.7777777777777778,0.2222222222222222,103.11111111111111,3.0
CL00083,9,229,4,2,2,0,1,0,0,0.8888888888888888,0.1111111111111111,135.44444444444446,1.0
CL00085,3,109,1,0,0,0,1,0,0,0.3333333333333333,0.6666666666666666,126.66666666666667,0.0
CL00086,15,114,7,2,1,0,4,0,1,0.8,0.13333333333333333,139.86666666666667,0.5
CL00087,1,1,1,0,0,0,0,0,0,1.0,0.0,217.0,0.0
CL00088,14,495,4,3,1,0,3,0,2,0.6428571428571429,0.21428571428571427,102.78571428571429,0.3333333333333333
CL00089,13,132,4,1,2,1,2,1,2,0.38461538461538464,0.38461538461538464,203.92307692307693,2.0
CL00090,5,117,2,0,0,0,2,1,0,0.8,0.2,178.2,0.0
CL00091,12,257,7,2,0,1,0,1,1,0.75,0.08333333333333333,167.25,0.0
CL00092,8,913,3,1,0,1,1,0,0,0.75,0.125,163.75,0.0
CL00093,21,918,5,3,3,0,4,2,4,0.7142857142857143,0.09523809523809523,178.04761904761904,1.0
CL00094,10,489,6,1,0,0,0,1,2,0.7,0.1,161.7,0.0
CL00095,22,736,8,1,3,0,7,1,2,0.6818181818181818,0.22727272727272727,134.54545454545453,3.0
CL00096,16,594,1,2,2,4,5,0,2,0.625,0.0,191.8125,1.0
CL00097,5,727,0,2,0,0,1,1,1,0.8,0.0,277.6,0.0
CL00098,5,701,1,2,0,0,2,0,0,0.8,0.2,153.0,0.0
CL00099,11,561,3,1,0,2,5,0,0,0.6363636363636364,0.18181818181818182,116.72727272727273,0.0
CL00100,14,1008,3,3,2,1,4,0,1,0.8571428571428571,0.0,131.07142857142858,0.6666666666666666
CL00101,14,598,3,2,1,1,4,1,2,0.7142857142857143,0.07142857142857142,169.21428571428572,0.5
CL00102,7,582,2,1,2,0,1,0,0,1.0,0.0,135.14285714285714,2.0
CL00103,7,423,2,0,3,0,0,0,0,1.0,0.0,116.71428571428571,0.0
CL00104,17,125,5,0,2,0,9,1,0,0.6470588235294118,0.35294117647058826,162.7058823529412,0.0
CL00105,4,217,3,1,0,0,0,0,0,1.0,0.0,222.5,0.0
CL00106,8,106,3,2,0,0,3,0,0,0.875,0.125,154.375,0.0
CL00107,5,331,3,0,0,0,2,0,0,0.8,0.2,132.6,0.0
CL00108,11,119,5,3,0,1,1,0,1,0.8181818181818182,0.0,124.18181818181819,0.0
CL00109,8,653,3,0,3,0,2,0,0,0.875,0.125,202.0,0.0
CL00110,8,416,2,2,2,0,0,0,1,0.875,0.0,116.5,1.0
CL00111,9,971,2,0,2,0,3,1,1,0.6666666666666666,0.2222222222222222,92.88888888888889,0.0
CL00112,7,395,4,0,2,0,0,0,0,1.0,0.0,150.14285714285714,0.0
CL00113,8,360,2,2,1,1,1,0,1,0.625,0.125,166.0,0.5
CL00114,9,570,4,0,3,0,1,0,0,0.7777777777777778,0.2222222222222222,188.33333333333334,0.0
CL00115,6,196,2,0,0,1,2,1,0,0.6666666666666666,0.16666666666666666,156.0,0.0
CL00116,7,675,0,2,1,0,3,1,0,0.7142857142857143,0.2857142857142857,146.0,0.5
CL00117,10,375,4,2,1,1,2,0,0,0.9,0.0,117.2,0.5
CL00118,5,107,1,1,1,0,1,0,1,0.8,0.0,82.6,1.0
CL00119,10,903,1,2,1,2,2,2,0,0.6,0.2,143.8,0.5
CL00120,7,192,3,1,0,0,2,0,1,0.7142857142857143,0.14285714285714285,258.0,0.0
CL00121,8,327,1,0,3,1,1,0,2,0.375,0.25,149.0,0.0
CL00122,3,236,1,0,2,0,0,0,0,1.0,0.0,191.0,0.0
CL00123,13,616,5,4,0,0,1,1,1,0.9230769230769231,0.0,199.15384615384616,0.0
CL00124,6,112,3,0,0,0,0,0,1,0.6666666666666666,0.16666666666666666,182.33333333333334,0.0
CL00125,7,756,3,1,1,0,0,1,0,0.8571428571428571,0.14285714285714285,210.42857142857142,1.0
CL00126,10,454,4,0,1,1,3,0,1,0.7,0.1,162.6,0.0
CL00127,12,861,2,1,2,2,3,1,0,0.5,0.3333333333333333,75.75,2.0
CL00128,11,1007,3,2,4,1,0,0,0,0.9090909090909091,0.0,178.63636363636363,2.0
CL00129,3,96,2,0,1,0,0,0,0,1.0,0.0,171.0,0.0
CL00130,6,1068,2,2,1,0,1,0,0,1.0,0.0,145.5,0.5
CL00131,8,1126,2,3,1,0,2,0,0,1.0,0.0,198.0,0.3333333333333333
CL00132,4,840,1,0,0,0,3,0,0,1.0,0.0,153.25,0.0
CL00133,10,972,4,1,0,0,2,1,1,0.6,0.3,111.7,0.0
CL00134,6,1056,2,0,2,0,2,0,0,1.0,0.0,109.33333333333333,0.0
CL00135,9,229,3,3,1,0,2,0,0,0.7777777777777778,0.2222222222222222,137.55555555555554,0.3333333333333333
CL00136,6,366,1,1,1,1,0,1,1,0.6666666666666666,0.0,144.66666666666666,1.0
CL00137,10,217,3,3,1,0,2,0,0,0.7,0.3,162.2,0.3333333333333333
CL00138,12,154,4,3,0,0,3,1,1,0.75,0.16666666666666666,207.91666666666666,0.0
CL00139,14,809,6,0,2,2,2,0,0,0.7142857142857143,0.14285714285714285,152.78571428571428,0.0
CL00140,13,943,1,1,1,0,4,2,1,0.9230769230769231,0.0,173.69230769230768,1.0
CL00141,5,778,2,2,0,0,0,0,1,0.8,0.0,217.4,0.0
CL00142,12,490,4,1,2,0,3,2,0,0.8333333333333334,0.16666666666666666,107.58333333333333,2.0
CL00143,2,16,1,0,0,0,0,0,0,1.0,0.0,127.5,0.0
CL00144,11,578,3,2,3,0,1,0,1,0.8181818181818182,0.09090909090909091,123.54545454545455,1.5
CL00145,7,652,2,1,0,0,1,0,3,0.2857142857142857,0.2857142857142857,129.42857142857142,0.0
CL00146,16,792,4,2,3,1,2,1,3,0.5625,0.1875,141.0625,1.5
CL00147,2,226,0,1,0,0,1,0,0,1.0,0.0,429.0,0.0
CL00148,9,917,5,2,0,1,1,0,0,0.5555555555555556,0.3333333333333333,111.11111111111111,0.0
CL00149,10,657,1,3,0,0,2,1,1,0.9,0.0,115.1,0.0
CL00150,15,149,6,0,1,0,2,0,3,0.7333333333333333,0.06666666666666667,229.86666666666667,0.0
CL00151,5,298,1,1,1,0,2,0,0,0.8,0.2,152.4,1.0
CL00152,9,145,3,0,1,1,2,1,0,0.6666666666666666,0.2222222222222222,191.44444444444446,0.0
CL00153,20,822,10,3,1,0,2,1,1,0.9,0.05,144.25,0.3333333333333333
CL00154,24,563,8,5,0,3,4,3,1,0.6666666666666666,0.16666666666666666,178.16666666666666,0.0
CL00155,18,266,2,5,2,0,7,1,0,0.7777777777777778,0.2222222222222222,114.0,0.4
CL00156,10,618,8,0,0,0,1,0,1,0.9,0.0,84.4,0.0
CL00157,5,137,0,1,1,0,1,0,1,0.4,0.4,144.4,1.0
CL00158,8,495,1,0,1,0,2,1,3,0.5,0.125,154.375,0.0
CL00159,6,680,1,2,1,0,1,0,1,0.8333333333333334,0.0,178.5,0.5
CL00160,3,359,1,1,0,0,1,0,0,1.0,0.0,107.66666666666667,0.0
CL00161,9,317,3,0,4,0,2,0,0,0.7777777777777778,0.2222222222222222,175.88888888888889,0.0
CL00162,6,818,1,2,0,0,2,0,0,0.6666666666666666,0.3333333333333333,126.5,0.0
CL00163,7,469,2,1,0,0,0,2,2,0.7142857142857143,0.0,152.28571428571428,0.0
CL00164,12,1051,5,1,1,2,3,0,0,0.6666666666666666,0.16666666666666666,170.25,1.0
CL00165,19,986,4,4,3,1,5,0,2,0.6842105263157895,0.15789473684210525,191.26315789473685,0.75
CL00166,8,151,2,1,2,0,2,0,1,0.875,0.0,169.375,2.0
CL00167,16,969,3,4,2,1,4,0,1,0.8125,0.0625,100.125,0.5
CL00168,16,768,4,3,1,1,3,1,3,0.625,0.125,186.0,0.3333333333333333
CL00169,11,997,1,0,0,2,5,0,1,0.6363636363636364,0.09090909090909091,169.27272727272728,0.0
CL00170,8,841,2,0,1,0,2,0,2,0.625,0.125,85.75,0.0
CL00171,6,792,0,1,2,2,1,0,0,0.6666666666666666,0.0,263.8333333333333,2.0
CL00172,8,260,2,1,1,0,3,0,1,0.625,0.25,151.75,1.0
CL00173,10,893,4,2,2,0,2,0,0,0.8,0.2,97.6,1.0
CL00174,5,599,3,1,0,0,0,0,1,0.8,0.0,113.4,0.0
CL00175,8,249,3,2,2,0,1,0,0,0.75,0.25,93.375,1.0
CL00176,3,303,2,1,0,0,0,0,0,1.0,0.0,138.66666666666666,0.0
CL00177,5,821,1,0,1,0,1,1,1,0.8,0.0,179.6,0.0
CL00178,8,658,1,4,1,0,1,0,1,0.75,0.125,159.125,0.25
CL00179,4,572,1,0,1,0,2,0,0,1.0,0.0,246.75,0.0
CL00180,11,284,2,2,2,0,4,0,1,0.7272727272727273,0.18181818181818182,157.45454545454547,1.0
CL00181,9,238,1,4,3,0,1,0,0,1.0,0.0,127.55555555555556,0.75
CL00182,7,550,0,0,1,0,2,0,4,0.42857142857142855,0.0,154.14285714285714,0.0
CL00183,18,631,5,1,4,1,3,2,1,0.8333333333333334,0.05555555555555555,140.66666666666666,4.0
CL00184,7,746,2,2,1,0,2,0,0,1.0,0.0,121.14285714285714,0.5
CL00185,9,282,4,0,1,0,3,0,1,0.8888888888888888,0.0,167.22222222222223,0.0
CL00186,11,857,3,1,3,0,2,0,1,0.8181818181818182,0.09090909090909091,188.36363636363637,3.0
CL00187,4,321,2,0,0,0,0,0,1,0.75,0.0,124.5,0.0
CL00188,7,437,4,1,1,0,0,1,0,0.8571428571428571,0.14285714285714285,132.57142857142858,1.0
CL00189,8,602,4,1,1,0,1,0,1,0.875,0.0,91.625,1.0
CL00190,12,173,2,2,1,0,3,2,0,0.8333333333333334,0.16666666666666666,136.25,0.5
CL00191,9,129,3,1,2,0,3,0,0,1.0,0.0,99.77777777777777,2.0
CL00192,7,474,2,1,2,1,0,0,1,0.5714285714285714,0.14285714285714285,138.42857142857142,2.0
CL00193,6,247,1,1,1,1,1,0,1,0.5,0.16666666666666666,157.66666666666666,1.0
CL00194,19,868,8,2,1,2,2,2,1,0.631578947368421,0.21052631578947367,142.3684210526316,0.5
CL00195,7,83,4,0,0,0,1,0,2,0.7142857142857143,0.0,138.42857142857142,0.0
CL00196,12,821,5,0,1,1,3,0,1,0.75,0.08333333333333333,200.41666666666666,0.0
CL00197,13,985,2,3,4,0,4,0,0,0.8461538461538461,0.15384615384615385,211.15384615384616,1.3333333333333333
CL00198,10,850,6,0,3,0,1,0,0,0.9,0.1,184.9,0.0
CL00199,4,45,0,2,0,1,0,0,0,0.75,0.0,181.25,0.0
CL00200,18,557,1,5,3,1,5,0,2,0.8333333333333334,0.0,153.83333333333334,0.6
CL00201,3,26,0,2,0,0,1,0,0,1.0,0.0,114.33333333333333,0.0
CL00202,8,228,3,2,1,0,2,0,0,0.75,0.25,108.0,0.5
CL00203,12,740,4,3,2,0,2,1,0,0.9166666666666666,0.08333333333333333,154.75,0.6666666666666666
CL00204,9,676,2,3,0,0,3,0,1,0.8888888888888888,0.0,208.55555555555554,0.0
CL00205,9,679,2,0,2,0,5,0,0,1.0,0.0,155.44444444444446,0.0
CL00206,12,639,3,1,1,1,4,0,0,0.8333333333333334,0.08333333333333333,172.33333333333334,1.0
CL00207,13,369,4,3,1,1,1,0,2,0.5384615384615384,0.23076923076923078,145.0,0.3333333333333333
CL00208,3,299,2,0,0,0,1,0,0,0.3333333333333333,0.6666666666666666,184.0,0.0
CL00209,5,522,2,1,1,0,1,0,0,0.8,0.2,245.0,1.0
CL00210,9,90,2,0,2,1,2,0,1,0.5555555555555556,0.2222222222222222,147.0,0.0
CL00211,6,743,1,2,2,0,1,0,0,0.8333333333333334,0.16666666666666666,203.5,1.0
CL00212,17,260,6,1,2,2,2,2,1,0.7647058823529411,0.058823529411764705,159.35294117647058,2.0
CL00213,2,26,0,1,0,0,0,1,0,1.0,0.0,192.5,0.0
CL00214,14,349,2,4,2,0,3,3,0,0.6428571428571429,0.35714285714285715,154.14285714285714,0.5
CL00215,15,685,3,4,1,1,3,1,0,0.7333333333333333,0.2,139.8,0.25
CL00216,4,423,0,0,1,2,1,0,0,0.5,0.0,121.0,0.0
CL00217,10,852,4,2,1,0,1,0,1,0.6,0.3,165.3,0.5
CL00218,7,415,1,1,0,1,2,2,0,0.7142857142857143,0.14285714285714285,161.0,0.0
CL00219,13,540,4,2,1,1,3,0,1,0.6923076923076923,0.15384615384615385,144.3846153846154,0.5
CL00220,11,842,6,1,1,0,2,0,1,0.9090909090909091,0.0,138.72727272727272,1.0
CL00221,13,364,3,3,1,1,2,0,3,0.5384615384615384,0.15384615384615385,101.6923076923077,0.3333333333333333
CL00222,11,897,3,2,3,0,1,0,1,0.8181818181818182,0.09090909090909091,166.1818181818182,1.5
CL00223,6,143,2,2,0,0,1,1,0,0.8333333333333334,0.16666666666666666,177.83333333333334,0.0
CL00224,14,749,5,1,1,1,4,1,0,0.9285714285714286,0.0,169.42857142857142,1.0
CL00225,6,265,2,2,1,0,1,0,0,1.0,0.0,247.33333333333334,0.5
CL00226,9,801,3,1,1,0,2,1,1,0.7777777777777778,0.1111111111111111,308.1111111111111,1.0
CL00227,11,601,4,1,1,0,3,0,1,0.7272727272727273,0.18181818181818182,174.36363636363637,1.0
CL00228,9,984,2,0,0,2,3,1,1,0.4444444444444444,0.2222222222222222,134.55555555555554,0.0
CL00229,13,267,4,0,2,0,4,1,1,0.9230769230769231,0.0,165.53846153846155,0.0
CL00230,14,108,0,4,4,2,4,0,0,0.7142857142857143,0.14285714285714285,162.57142857142858,1.0
CL00231,14,905,6,1,3,0,1,1,0,1.0,0.0,137.0,3.0
CL00232,16,525,3,4,2,1,2,1,3,0.75,0.0,121.9375,0.5
CL00233,14,673,5,3,2,1,2,0,1,0.8571428571428571,0.0,116.07142857142857,0.6666666666666666
CL00234,13,1035,2,5,3,0,0,2,1,0.9230769230769231,0.0,119.38461538461539,0.6
CL00235,10,814,7,1,0,0,1,0,1,0.9,0.0,130.8,0.0
CL00236,15,655,3,3,2,0,5,0,2,0.7333333333333333,0.13333333333333333,128.73333333333332,0.6666666666666666
CL00237,12,631,5,1,2,0,4,0,0,0.75,0.25,101.41666666666667,2.0
CL00238,8,607,5,1,1,0,1,0,0,0.75,0.25,155.25,1.0
CL00239,14,110,3,0,1,1,4,2,3,0.6428571428571429,0.07142857142857142,233.92857142857142,0.0
CL00240,5,329,2,0,2,0,0,0,0,1.0,0.0,216.8,0.0
CL00241,17,602,4,2,3,4,1,0,3,0.47058823529411764,0.11764705882352941,140.0,1.5
CL00242,3,241,1,0,1,0,0,1,0,0.6666666666666666,0.3333333333333333,298.3333333333333,0.0
CL00243,6,726,3,1,0,0,2,0,0,0.6666666666666666,0.3333333333333333,192.0,0.0
CL00244,5,631,3,1,0,0,0,1,0,0.6,0.4,234.8,0.0
CL00245,23,297,1,5,4,1,4,0,5,0.6956521739130435,0.043478260869565216,113.91304347826087,0.8
CL00246,14,529,6,3,1,0,1,1,1,0.9285714285714286,0.0,146.28571428571428,0.3333333333333333
CL00247,7,430,0,0,3,0,1,0,2,0.42857142857142855,0.2857142857142857,114.14285714285714,0.0
CL00248,5,674,2,0,0,1,2,0,0,0.8,0.0,158.8,0.0
CL00249,5,247,0,1,1,0,2,0,1,0.8,0.0,154.6,1.0
CL00250,9,992,1,3,1,0,3,0,1,0.7777777777777778,0.1111111111111111,180.77777777777777,0.3333333333333333
CL00251,3,343,1,2,0,0,0,0,0,1.0,0.0,158.0,0.0
CL00252,15,628,4,3,1,1,1,1,3,0.6666666666666666,0.06666666666666667,256.53333333333336,0.3333333333333333
CL00253,7,364,1,1,0,1,2,2,0,0.8571428571428571,0.0,111.57142857142857,0.0
CL00254,7,683,3,1,1,0,0,0,0,1.0,0.0,109.14285714285714,1.0
CL00255,7,88,1,1,1,0,4,0,0,1.0,0.0,208.57142857142858,1.0
CL00256,10,838,6,0,1,1,0,1,0,0.7,0.2,213.4,0.0
CL00257,1,1,0,0,0,0,1,0,0,1.0,0.0,99.0,0.0
CL00258,13,598,3,3,1,0,6,0,0,0.8461538461538461,0.15384615384615385,151.92307692307693,0.3333333333333333
CL00259,10,814,4,0,1,0,1,0,3,0.5,0.2,164.7,0.0
CL00260,4,416,0,1,1,0,0,0,1,0.5,0.25,203.25,1.0
CL00261,16,148,5,2,2,0,5,1,0,1.0,0.0,169.0,1.0
CL00262,10,439,1,4,0,0,4,1,0,0.8,0.2,116.7,0.0
CL00263,12,409,3,0,2,0,4,0,1,0.5,0.4166666666666667,203.16666666666666,0.0
CL00264,12,357,5,3,1,0,1,2,0,0.9166666666666666,0.08333333333333333,168.66666666666666,0.3333333333333333
CL00265,12,764,4,1,1,0,5,0,0,0.9166666666666666,0.08333333333333333,119.33333333333333,1.0
CL00266,6,631,2,1,1,0,1,0,0,0.8333333333333334,0.16666666666666666,267.5,1.0
CL00267,8,453,1,1,1,0,2,1,1,0.625,0.25,151.875,1.0
CL00268,10,791,2,0,0,0,4,2,1,0.9,0.0,139.9,0.0
CL00269,6,367,3,0,2,0,0,0,0,0.6666666666666666,0.3333333333333333,214.5,0.0
CL00270,7,897,0,1,1,0,4,1,0,1.0,0.0,147.42857142857142,1.0
CL00271,10,641,1,1,5,0,0,0,1,0.9,0.0,134.2,5.0
CL00272,7,150,3,1,0,0,1,0,1,0.7142857142857143,0.14285714285714285,187.28571428571428,0.0
CL00273,16,516,6,2,3,0,3,1,0,0.6875,0.3125,118.125,1.5
CL00274,9,125,1,2,0,1,3,0,0,0.7777777777777778,0.1111111111111111,256.55555555555554,0.0
CL00275,4,624,2,2,0,0,0,0,0,0.75,0.25,166.0,0.0
CL00276,9,590,2,0,3,1,0,1,2,0.6666666666666666,0.0,256.22222222222223,0.0
CL00277,13,159,4,3,1,1,0,3,0,0.9230769230769231,0.0,191.30769230769232,0.3333333333333333
CL00278,15,216,3,3,3,0,3,0,2,0.8,0.06666666666666667,143.8,1.0
CL00279,14,1015,6,3,2,0,2,1,0,0.8571428571428571,0.14285714285714285,170.0,0.6666666666666666
CL00280,5,93,1,1,1,0,2,0,0,1.0,0.0,255.8,1.0
CL00281,13,954,4,2,4,0,1,1,0,0.9230769230769231,0.07692307692307693,153.69230769230768,2.0
CL00282,5,244,1,1,2,0,0,0,1,0.8,0.0,209.0,2.0
CL00283,5,776,4,0,0,0,0,0,1,0.6,0.2,196.2,0.0
CL00284,7,794,1,0,3,0,2,1,0,1.0,0.0,109.85714285714286,0.0
CL00285,17,966,6,3,2,1,2,1,2,0.5882352941176471,0.23529411764705882,132.8235294117647,0.6666666666666666
CL00286,13,240,1,2,5,0,4,0,1,0.8461538461538461,0.07692307692307693,154.76923076923077,2.5
CL00287,8,463,4,2,0,0,1,0,0,0.25,0.75,123.125,0.0
CL00288,17,475,6,1,3,1,4,1,0,0.6470588235294118,0.29411764705882354,139.64705882352942,3.0
CL00289,12,487,4,2,0,0,3,2,0,0.9166666666666666,0.08333333333333333,118.91666666666667,0.0
CL00290,13,732,3,3,2,0,4,1,0,0.9230769230769231,0.07692307692307693,172.07692307692307,0.6666666666666666
CL00291,15,788,3,2,2,0,6,1,0,0.9333333333333333,0.06666666666666667,161.4,1.0
CL00292,10,876,3,1,1,0,3,1,1,0.7,0.2,128.3,1.0
CL00293,5,162,1,1,1,0,0,0,1,0.8,0.0,218.2,1.0
CL00294,12,521,2,2,1,2,3,0,1,0.5833333333333334,0.16666666666666666,137.66666666666666,0.5
CL00295,13,851,5,0,3,1,1,0,1,0.7692307692307693,0.07692307692307693,175.84615384615384,0.0
CL00296,8,113,3,1,2,0,0,0,2,0.75,0.0,148.125,2.0
CL00297,13,114,2,3,4,1,2,0,1,0.6153846153846154,0.23076923076923078,117.07692307692308,1.3333333333333333
CL00298,7,706,1,2,0,0,1,2,1,0.7142857142857143,0.14285714285714285,142.28571428571428,0.0
CL00299,10,218,4,1,2,1,1,0,1,0.8,0.0,102.1,2.0
CL00300,13,240,1,1,3,0,4,3,1,0.7692307692307693,0.15384615384615385,233.69230769230768,3.0
CL00301,9,851,4,2,0,0,2,1,0,0.8888888888888888,0.1111111111111111,257.22222222222223,0.0
CL00302,1,1,1,0,0,0,0,0,0,1.0,0.0,213.0,0.0
CL00303,3,829,1,1,0,0,1,0,0,0.6666666666666666,0.3333333333333333,90.33333333333333,0.0
CL00304,5,591,3,0,0,0,0,0,0,0.8,0.2,88.2,0.0
CL00305,9,438,1,0,1,1,2,0,2,0.6666666666666666,0.0,174.33333333333334,0.0
CL00306,8,729,3,1,0,2,1,1,0,0.625,0.125,115.25,0.0
CL00307,9,423,4,2,2,0,0,0,0,1.0,0.0,132.44444444444446,1.0
CL00308,20,78,8,3,1,1,2,1,1,0.85,0.05,135.65,0.3333333333333333
CL00309,10,905,4,2,0,2,2,0,0,0.8,0.0,154.2,0.0
CL00310,24,349,6,3,1,0,7,1,3,0.8333333333333334,0.041666666666666664,155.375,0.3333333333333333
CL00311,1,1,1,0,0,0,0,0,0,1.0,0.0,225.0,0.0
CL00312,10,944,3,3,0,0,2,0,2,0.7,0.1,150.7,0.0
CL00313,10,99,4,0,0,1,2,0,2,0.6,0.1,167.4,0.0
CL00314,14,898,2,2,1,0,4,1,4,0.5714285714285714,0.14285714285714285,137.35714285714286,0.5
CL00315,1,1,0,0,1,0,0,0,0,1.0,0.0,319.0,0.0
CL00316,3,340,0,0,1,0,0,1,0,0.6666666666666666,0.3333333333333333,188.66666666666666,0.0
CL00317,10,225,4,0,1,1,3,1,0,0.7,0.2,170.5,0.0
CL00318,5,512,2,1,0,0,2,0,0,1.0,0.0,102.8,0.0
CL00319,17,782,2,4,3,0,6,0,2,0.7647058823529411,0.11764705882352941,132.88235294117646,0.75
CL00320,9,442,1,0,2,0,3,1,2,0.7777777777777778,0.0,159.11111111111111,0.0
CL00321,17,608,1,1,4,0,8,1,0,0.8235294117647058,0.17647058823529413,154.76470588235293,4.0
CL00322,15,201,2,3,3,0,2,3,2,0.6,0.26666666666666666,157.8,1.0
CL00323,8,635,2,1,2,0,3,0,0,1.0,0.0,212.625,2.0
CL00324,5,203,3,0,0,0,1,0,0,0.6,0.4,130.8,0.0
CL00325,8,694,5,0,0,0,1,0,2,0.75,0.0,230.0,0.0
CL00326,7,401,1,1,1,0,2,1,0,1.0,0.0,132.28571428571428,1.0
CL00327,9,597,4,2,1,0,1,0,1,0.7777777777777778,0.1111111111111111,171.22222222222223,0.5
CL00328,19,1011,4,2,6,1,4,0,2,0.631578947368421,0.21052631578947367,159.26315789473685,3.0
CL00329,11,301,5,1,1,0,2,1,1,0.8181818181818182,0.09090909090909091,227.63636363636363,1.0
CL00330,2,52,2,0,0,0,0,0,0,1.0,0.0,119.0,0.0
CL00331,1,1,0,0,0,0,1,0,0,1.0,0.0,40.0,0.0
CL00332,10,613,1,3,1,0,2,0,2,0.7,0.1,139.6,0.3333333333333333
CL00333,17,933,3,4,2,0,6,0,2,0.6470588235294118,0.23529411764705882,142.8235294117647,0.5
CL00334,11,1142,2,2,2,1,3,0,0,0.8181818181818182,0.09090909090909091,115.27272727272727,1.0
CL00335,10,628,2,2,1,0,2,1,2,0.7,0.1,156.2,0.5
CL00336,12,784,6,3,0,0,1,1,1,0.75,0.16666666666666666,111.75,0.0
CL00337,1,1,0,0,1,0,0,0,0,1.0,0.0,169.0,0.0
CL00338,6,436,0,2,0,0,1,0,2,0.3333333333333333,0.3333333333333333,138.0,0.0
CL00339,5,431,0,0,1,0,2,0,1,0.4,0.4,243.8,0.0
CL00340,7,942,2,3,1,0,0,1,0,0.7142857142857143,0.2857142857142857,153.28571428571428,0.3333333333333333
CL00341,9,255,2,5,1,0,0,0,1,0.7777777777777778,0.1111111111111111,159.11111111111111,0.2
CL00342,2,114,0,0,0,0,1,1,0,0.5,0.5,139.0,0.0
CL00343,1,1,1,0,0,0,0,0,0,1.0,0.0,217.0,0.0
CL00344,15,446,4,1,1,1,4,0,2,0.7333333333333333,0.06666666666666667,201.66666666666666,1.0
CL00345,13,297,3,1,1,0,2,3,2,0.6153846153846154,0.23076923076923078,210.69230769230768,1.0
CL00346,7,56,1,0,0,0,3,1,2,0.5714285714285714,0.14285714285714285,172.28571428571428,0.0
CL00347,9,350,3,1,0,2,2,0,1,0.5555555555555556,0.1111111111111111,119.66666666666667,0.0
CL00348,9,179,1,0,3,0,1,1,3,0.6666666666666666,0.0,162.0,0.0
CL00349,11,535,5,1,1,0,2,0,1,0.8181818181818182,0.09090909090909091,154.54545454545453,1.0
CL00350,2,78,0,0,0,1,1,0,0,0.5,0.0,223.5,0.0
CL00351,5,646,1,1,0,0,1,1,0,0.8,0.2,124.0,0.0
CL00352,4,837,1,0,0,1,1,0,1,0.25,0.25,158.25,0.0
CL00353,11,954,1,1,2,0,1,3,1,0.9090909090909091,0.0,195.72727272727272,2.0
CL00354,9,204,4,1,1,0,2,0,0,0.7777777777777778,0.2222222222222222,190.11111111111111,1.0
CL00355,9,430,4,0,3,1,0,0,1,0.7777777777777778,0.0,77.33333333333333,0.0
CL00356,8,733,1,2,1,1,1,0,1,0.625,0.125,178.375,0.5
CL00357,12,880,5,2,0,0,2,0,2,0.6666666666666666,0.16666666666666666,159.16666666666666,0.0
CL00358,11,758,5,1,2,1,1,0,0,0.8181818181818182,0.09090909090909091,220.8181818181818,2.0
CL00359,8,430,3,1,0,1,3,0,0,0.875,0.0,171.75,0.0
CL00360,1,1,0,0,0,0,1,0,0,1.0,0.0,154.0,0.0
CL00362,10,469,3,1,0,1,3,1,0,0.6,0.3,265.4,0.0
CL00363,18,766,9,4,1,0,2,0,2,0.7777777777777778,0.1111111111111111,115.94444444444444,0.25
CL00364,16,466,5,1,3,1,2,0,3,0.75,0.0,150.375,3.0
CL00365,2,169,0,0,0,0,2,0,0,1.0,0.0,157.5,0.0
CL00366,7,182,4,0,0,0,0,2,1,0.8571428571428571,0.0,282.14285714285717,0.0
CL00367,1,1,0,0,1,0,0,0,0,1.0,0.0,36.0,0.0
CL00368,7,440,5,1,1,0,0,0,0,0.7142857142857143,0.2857142857142857,164.85714285714286,1.0
CL00369,16,741,3,3,0,1,6,1,1,0.75,0.125,188.5625,0.0
CL00370,8,507,3,0,1,0,3,0,0,1.0,0.0,104.75,0.0
CL00371,10,325,4,2,0,0,3,0,0,1.0,0.0,176.0,0.0
CL00372,11,768,2,2,2,2,2,1,0,0.6363636363636364,0.18181818181818182,156.0909090909091,1.0
CL00373,2,8,0,1,0,0,0,0,1,0.5,0.0,200.5,0.0
CL00374,6,477,1,0,3,0,1,0,1,0.5,0.3333333333333333,194.33333333333334,0.0
CL00375,14,951,5,2,1,0,1,2,0,0.8571428571428571,0.14285714285714285,192.21428571428572,0.5
CL00376,22,1076,7,2,5,1,2,0,3,0.6363636363636364,0.18181818181818182,145.86363636363637,2.5
CL00377,6,422,1,0,3,0,2,0,0,0.8333333333333334,0.16666666666666666,166.66666666666666,0.0
CL00378,14,483,7,1,3,0,1,0,0,0.7142857142857143,0.2857142857142857,129.57142857142858,3.0
CL00379,9,592,4,1,0,0,2,0,0,1.0,0.0,135.22222222222223,0.0
CL00380,17,224,8,2,2,1,1,1,1,0.7647058823529411,0.11764705882352941,181.11764705882354,1.0
CL00381,10,869,5,0,1,0,3,0,1,0.7,0.2,202.1,0.0
CL00382,11,418,3,3,0,1,2,0,1,0.6363636363636364,0.18181818181818182,119.18181818181819,0.0
CL00383,15,833,2,2,3,0,4,0,2,0.7333333333333333,0.13333333333333333,141.53333333333333,1.5
CL00384,16,78,3,1,3,1,3,1,1,0.875,0.0,169.3125,3.0
CL00385,4,616,1,0,0,0,2,0,1,0.75,0.0,228.75,0.0
CL00386,14,757,3,2,3,1,4,1,0,0.7857142857142857,0.14285714285714285,201.42857142857142,1.5
CL00387,6,176,1,1,2,0,2,0,0,1.0,0.0,181.5,2.0
CL00388,2,379,0,1,0,0,1,0,0,1.0,0.0,120.5,0.0
CL00389,7,403,1,1,1,0,3,1,0,1.0,0.0,202.71428571428572,1.0
CL00390,11,556,2,3,1,0,3,0,2,0.8181818181818182,0.0,146.0,0.3333333333333333
CL00391,10,443,3,0,2,0,3,0,0,0.8,0.2,172.6,0.0
CL00392,5,953,0,1,2,0,0,1,1,0.6,0.2,156.0,2.0
CL00393,8,235,3,2,0,0,3,0,0,0.875,0.125,127.625,0.0
CL00394,18,482,7,3,0,1,5,0,2,0.7777777777777778,0.05555555555555555,130.61111111111111,0.0
CL00395,22,1009,5,4,4,0,3,2,3,0.7272727272727273,0.13636363636363635,157.77272727272728,1.0
CL00396,1,1,0,0,0,0,0,0,1,0.0,0.0,23.0,0.0
CL00397,5,144,2,0,0,0,1,0,1,0.8,0.0,186.8,0.0
CL00398,4,160,1,2,0,0,1,0,0,0.75,0.25,213.25,0.0
CL00399,13,511,5,1,2,1,2,1,1,0.7692307692307693,0.07692307692307693,164.53846153846155,2.0
CL00400,5,320,2,1,0,0,1,0,1,0.8,0.0,113.4,0.0
CL00401,17,501,4,3,2,0,4,1,2,0.7647058823529411,0.11764705882352941,110.70588235294117,0.6666666666666666
CL00402,12,173,3,2,1,0,2,1,2,0.5833333333333334,0.25,154.0,0.5
CL00404,5,361,2,0,2,0,0,1,0,1.0,0.0,141.4,0.0
CL00405,10,975,3,1,1,0,4,0,0,0.9,0.1,139.3,1.0
CL00406,13,1086,3,0,3,0,4,1,1,0.9230769230769231,0.0,220.53846153846155,0.0
CL00407,7,224,1,0,0,0,6,0,0,0.8571428571428571,0.14285714285714285,105.57142857142857,0.0
CL00408,5,208,4,0,0,0,1,0,0,1.0,0.0,196.8,0.0
CL00409,8,596,4,2,0,0,2,0,0,0.875,0.125,251.25,0.0
CL00410,6,443,1,0,2,0,2,0,0,0.8333333333333334,0.16666666666666666,90.83333333333333,0.0
CL00411,13,298,3,1,1,1,4,1,2,0.5384615384615384,0.23076923076923078,134.69230769230768,1.0
CL00412,13,210,2,2,3,1,5,0,0,0.7692307692307693,0.15384615384615385,156.30769230769232,1.5
CL00413,15,885,5,1,1,1,6,0,0,0.8,0.13333333333333333,193.6,1.0
CL00414,4,267,0,2,1,0,1,0,0,1.0,0.0,149.25,0.5
CL00415,13,778,6,1,0,0,5,0,1,0.9230769230769231,0.0,150.46153846153845,0.0
CL00416,14,991,6,0,3,1,3,0,1,0.7857142857142857,0.07142857142857142,122.78571428571429,0.0
CL00417,28,929,8,3,2,1,8,0,3,0.75,0.10714285714285714,164.5,0.6666666666666666
CL00418,8,442,4,0,1,0,2,1,0,0.875,0.125,237.25,0.0
CL00419,3,110,1,1,1,0,0,0,0,1.0,0.0,159.0,1.0
CL00420,7,954,2,2,1,0,2,0,0,0.8571428571428571,0.14285714285714285,116.57142857142857,0.5
CL00421,15,509,4,6,0,0,1,1,2,0.8,0.06666666666666667,150.8,0.0
CL00422,8,321,3,1,0,0,2,0,0,1.0,0.0,114.5,0.0
CL00423,6,207,0,2,1,2,0,0,0,0.6666666666666666,0.0,161.5,0.5
CL00424,18,305,4,4,2,0,3,2,2,0.7222222222222222,0.16666666666666666,140.22222222222223,0.5
CL00425,3,178,2,0,1,0,0,0,0,0.6666666666666666,0.3333333333333333,136.0,0.0
CL00426,7,863,1,1,1,1,2,0,1,0.5714285714285714,0.14285714285714285,159.42857142857142,1.0
CL00427,14,333,3,1,2,0,5,1,0,0.9285714285714286,0.07142857142857142,162.5,2.0
CL00428,7,367,2,1,1,0,0,0,3,0.5714285714285714,0.0,134.57142857142858,1.0
CL00429,3,798,0,1,0,0,1,1,0,1.0,0.0,60.666666666666664,0.0
CL00430,28,103,7,2,4,0,10,2,2,0.8571428571428571,0.07142857142857142,178.67857142857142,2.0
CL00431,20,879,3,5,3,1,5,0,2,0.8,0.05,157.8,0.6
CL00432,1,1,0,0,1,0,0,0,0,1.0,0.0,52.0,0.0
CL00433,8,227,4,2,0,0,1,0,1,0.75,0.125,187.75,0.0
CL00434,11,270,6,0,0,0,3,1,1,0.7272727272727273,0.18181818181818182,121.0909090909091,0.0
CL00435,4,748,1,1,1,0,1,0,0,1.0,0.0,119.0,1.0
CL00436,10,993,3,1,0,0,2,1,2,0.8,0.0,92.2,0.0
CL00437,12,401,2,2,0,2,3,0,1,0.75,0.0,174.08333333333334,0.0
CL00438,15,501,3,1,3,1,4,0,2,0.7333333333333333,0.06666666666666667,162.06666666666666,3.0
CL00439,5,101,2,1,0,0,2,0,0,0.8,0.2,161.6,0.0
CL00440,6,170,2,2,0,1,0,0,1,0.6666666666666666,0.0,115.16666666666667,0.0
CL00441,12,208,6,2,1,0,0,0,0,0.9166666666666666,0.08333333333333333,222.33333333333334,0.5
CL00442,18,244,4,6,2,1,2,0,1,0.7222222222222222,0.16666666666666666,193.22222222222223,0.3333333333333333
CL00443,14,658,3,2,3,0,2,2,1,0.7857142857142857,0.14285714285714285,100.78571428571429,1.5
CL00444,6,217,2,1,1,0,0,0,2,0.6666666666666666,0.0,146.5,1.0
CL00445,10,463,3,0,1,1,4,0,1,0.7,0.1,163.5,0.0
CL00446,8,153,4,0,0,1,1,0,2,0.625,0.0,137.5,0.0
CL00447,16,786,7,1,3,1,3,1,0,0.875,0.0625,103.1875,3.0
CL00448,5,853,0,1,0,0,1,0,3,0.4,0.0,241.2,0.0
CL00449,12,217,3,1,2,0,2,3,0,0.8333333333333334,0.16666666666666666,174.16666666666666,2.0
CL00450,21,400,7,1,2,0,7,2,2,0.7142857142857143,0.19047619047619047,194.0,2.0
CL00451,8,1069,3,2,1,0,1,0,1,0.75,0.125,155.25,0.5
CL00452,18,924,6,3,3,0,3,0,3,0.5555555555555556,0.2777777777777778,152.44444444444446,1.0
CL00453,13,847,5,3,3,0,2,0,0,0.8461538461538461,0.15384615384615385,183.23076923076923,1.0
CL00454,8,384,2,0,1,0,2,0,0,0.875,0.125,184.5,0.0
CL00455,4,454,2,0,0,0,1,1,0,1.0,0.0,154.5,0.0
CL00456,11,663,2,1,0,1,4,0,2,0.5454545454545454,0.18181818181818182,207.0909090909091,0.0
CL00457,3,441,0,0,0,0,0,0,2,0.3333333333333333,0.0,71.66666666666667,0.0
CL00458,11,192,5,0,3,0,1,1,0,1.0,0.0,146.0,0.0
CL00459,8,272,3,1,1,2,1,0,0,0.5,0.25,162.5,1.0
CL00460,14,109,3,3,2,0,2,0,3,0.6428571428571429,0.14285714285714285,136.85714285714286,0.6666666666666666
CL00461,7,260,3,0,1,1,1,0,1,0.5714285714285714,0.14285714285714285,180.42857142857142,0.0
CL00462,15,410,5,2,1,1,2,1,2,0.6,0.2,194.53333333333333,0.5
CL00463,10,470,2,3,1,1,0,0,1,0.6,0.2,131.1,0.3333333333333333
CL00464,5,114,2,0,1,0,2,0,0,0.8,0.2,178.0,0.0
CL00465,3,61,0,3,0,0,0,0,0,1.0,0.0,142.0,0.0
CL00466,4,246,0,2,0,0,2,0,0,0.75,0.25,145.0,0.0
CL00467,15,693,3,1,4,1,3,0,2,0.7333333333333333,0.06666666666666667,232.13333333333333,4.0
CL00468,8,320,2,2,0,0,2,0,1,0.875,0.0,166.875,0.0
CL00469,14,720,6,2,0,1,1,1,1,0.7857142857142857,0.07142857142857142,115.92857142857143,0.0
CL00470,2,89,1,0,0,0,1,0,0,1.0,0.0,268.0,0.0
CL00471,11,456,2,3,0,0,1,3,2,0.6363636363636364,0.18181818181818182,169.0909090909091,0.0
CL00472,17,671,6,3,3,0,3,0,1,0.7647058823529411,0.17647058823529413,147.47058823529412,1.0
CL00473,7,188,3,0,0,0,2,1,1,0.8571428571428571,0.0,102.57142857142857,0.0
CL00474,4,220,2,0,0,0,1,0,1,0.75,0.0,166.25,0.0
CL00475,15,866,3,6,3,0,2,1,0,0.8666666666666667,0.13333333333333333,207.86666666666667,0.5
CL00476,5,775,1,0,1,1,2,0,0,0.8,0.0,95.4,0.0
CL00477,10,990,1,1,1,0,5,0,1,0.9,0.0,191.6,1.0
CL00478,6,723,1,0,1,0,2,1,0,0.8333333333333334,0.16666666666666666,138.83333333333334,0.0
CL00479,12,542,1,4,3,0,2,0,2,0.5833333333333334,0.25,136.75,0.75
CL00480,14,867,7,2,1,0,0,1,1,0.8571428571428571,0.07142857142857142,100.35714285714286,0.5
CL00481,4,408,4,0,0,0,0,0,0,0.75,0.25,88.25,0.0
CL00482,22,196,6,1,5,0,5,1,4,0.6363636363636364,0.18181818181818182,164.1818181818182,5.0
CL00483,10,621,3,1,1,0,5,0,0,1.0,0.0,189.4,1.0
CL00484,6,783,2,2,1,0,0,0,1,0.8333333333333334,0.0,184.33333333333334,0.5
CL00485,18,898,7,1,1,0,6,1,1,0.6666666666666666,0.2777777777777778,194.5,1.0
CL00486,5,519,3,0,1,0,1,0,0,0.6,0.4,144.6,0.0
CL00487,9,479,6,2,0,0,1,0,0,0.8888888888888888,0.1111111111111111,155.22222222222223,0.0
CL00488,5,907,1,0,1,1,2,0,0,0.6,0.2,175.2,0.0
CL00489,13,774,3,1,1,1,1,2,3,0.5384615384615384,0.15384615384615385,169.15384615384616,1.0
CL00490,11,853,5,1,2,0,1,0,0,1.0,0.0,154.9090909090909,2.0
CL00491,4,221,1,0,0,0,2,0,1,0.5,0.25,186.5,0.0
CL00492,21,950,8,2,2,0,6,0,2,0.7142857142857143,0.19047619047619047,144.38095238095238,1.0
CL00493,6,606,0,3,1,0,2,0,0,0.6666666666666666,0.3333333333333333,118.83333333333333,0.3333333333333333
CL00494,4,537,1,0,0,0,1,1,0,1.0,0.0,340.5,0.0
CL00495,12,1058,4,1,1,0,5,1,0,0.8333333333333334,0.16666666666666666,169.5,1.0
CL00496,13,766,1,2,1,0,3,4,1,0.6153846153846154,0.3076923076923077,121.46153846153847,0.5
CL00497,6,760,2,1,1,0,1,0,0,0.8333333333333334,0.16666666666666666,187.0,1.0
CL00498,2,63,1,0,0,0,1,0,0,1.0,0.0,171.5,0.0
CL00499,9,1021,2,1,1,1,4,0,0,0.6666666666666666,0.2222222222222222,143.11111111111111,1.0
CL00500,13,867,4,0,3,0,2,1,3,0.6923076923076923,0.07692307692307693,162.3846153846154,0.0
CL00501,12,277,6,0,0,0,0,1,3,0.6666666666666666,0.08333333333333333,166.5,0.0
CL00502,3,229,1,1,0,0,1,0,0,0.6666666666666666,0.3333333333333333,226.66666666666666,0.0
CL00503,16,503,6,1,2,0,4,0,3,0.625,0.1875,165.625,2.0
CL00504,15,928,4,3,2,1,3,0,2,0.6,0.2,130.4,0.6666666666666666
CL00505,3,415,1,0,1,0,1,0,0,1.0,0.0,130.33333333333334,0.0
CL00506,12,708,4,0,1,0,3,0,3,0.5833333333333334,0.16666666666666666,180.66666666666666,0.0
CL00507,13,368,6,0,4,0,3,0,0,0.7692307692307693,0.23076923076923078,157.76923076923077,0.0
CL00508,25,365,5,4,7,1,5,0,1,0.88,0.04,149.16,1.75
CL00509,13,538,5,0,1,0,2,2,1,0.9230769230769231,0.0,109.15384615384616,0.0
CL00510,10,87,3,2,2,0,3,0,0,0.8,0.2,156.7,1.0
CL00511,18,543,6,0,2,0,5,0,2,0.8333333333333334,0.05555555555555555,202.38888888888889,0.0
CL00512,7,435,2,0,1,0,2,0,1,0.5714285714285714,0.2857142857142857,181.85714285714286,0.0
CL00513,12,564,2,3,1,1,2,1,2,0.6666666666666666,0.08333333333333333,205.33333333333334,0.3333333333333333
CL00514,9,206,3,2,0,1,2,0,1,0.6666666666666666,0.1111111111111111,119.77777777777777,0.0
CL00515,6,442,3,0,1,0,1,0,1,0.8333333333333334,0.0,346.6666666666667,0.0
CL00516,9,950,2,0,2,0,3,0,2,0.5555555555555556,0.2222222222222222,131.44444444444446,0.0
CL00517,13,427,1,1,4,1,1,3,1,0.7692307692307693,0.07692307692307693,188.07692307692307,4.0
CL00518,4,303,1,3,0,0,0,0,0,0.75,0.25,151.0,0.0
CL00519,7,144,3,1,1,0,2,0,0,0.5714285714285714,0.42857142857142855,233.71428571428572,1.0
CL00520,13,114,6,1,2,0,3,1,0,0.6923076923076923,0.3076923076923077,111.23076923076923,2.0
CL00521,7,1040,2,0,0,1,3,0,0,0.5714285714285714,0.2857142857142857,196.57142857142858,0.0
CL00522,6,472,1,2,0,0,1,1,1,0.6666666666666666,0.16666666666666666,196.83333333333334,0.0
CL00523,6,134,2,0,0,1,2,0,1,0.6666666666666666,0.0,141.66666666666666,0.0
CL00524,10,448,3,0,1,0,1,1,1,0.8,0.1,195.6,0.0
CL00525,8,373,2,2,1,0,0,2,0,0.875,0.125,205.75,0.5
CL00526,14,341,5,1,1,1,4,1,1,0.7857142857142857,0.07142857142857142,109.78571428571429,1.0
CL00527,13,840,4,1,3,1,2,0,1,0.6923076923076923,0.15384615384615385,217.46153846153845,3.0
CL00528,2,22,1,0,0,0,1,0,0,1.0,0.0,202.5,0.0
CL00529,14,612,2,3,1,1,4,1,1,0.8571428571428571,0.0,100.92857142857143,0.3333333333333333
CL00530,8,360,2,1,0,0,3,0,1,0.625,0.25,176.25,0.0
CL00531,8,274,4,0,1,0,1,0,2,0.75,0.0,114.75,0.0
CL00532,12,318,1,3,0,1,5,1,1,0.8333333333333334,0.0,157.75,0.0
CL00533,5,957,1,0,0,0,2,2,0,0.8,0.2,147.4,0.0
CL00534,5,324,2,0,1,1,1,0,0,0.6,0.2,88.6,0.0
CL00535,3,76,2,0,0,0,1,0,0,1.0,0.0,155.66666666666666,0.0
CL00536,4,570,0,0,1,0,2,0,0,1.0,0.0,249.5,0.0
CL00537,14,1099,1,2,4,0,4,0,3,0.7857142857142857,0.0,160.78571428571428,2.0
CL00538,14,899,4,2,2,0,4,2,0,0.7142857142857143,0.2857142857142857,173.85714285714286,1.0
CL00539,15,169,2,2,3,2,2,1,1,0.6666666666666666,0.13333333333333333,173.6,1.5
CL00540,8,860,4,0,1,0,1,0,2,0.625,0.125,180.75,0.0
CL00541,14,881,7,1,0,0,4,1,0,0.8571428571428571,0.14285714285714285,218.92857142857142,0.0
CL00542,5,485,1,0,1,0,2,0,1,0.8,0.0,176.4,0.0
CL00543,7,522,5,2,0,0,0,0,0,0.5714285714285714,0.42857142857142855,191.42857142857142,0.0
CL00544,24,154,5,4,3,0,6,1,4,0.75,0.08333333333333333,150.08333333333334,0.75
CL00545,12,1053,5,2,2,0,1,0,1,0.75,0.16666666666666666,192.91666666666666,1.0
CL00546,12,1012,3,2,3,0,3,0,1,0.8333333333333334,0.08333333333333333,250.75,1.5
CL00547,10,288,2,0,2,1,5,0,0,0.7,0.2,230.4,0.0
CL00548,15,251,8,3,0,0,1,1,2,0.6666666666666666,0.2,151.0,0.0
CL00549,5,708,1,1,2,1,0,0,0,0.4,0.4,179.0,2.0
CL00550,7,876,2,2,1,0,1,0,1,0.7142857142857143,0.14285714285714285,134.57142857142858,0.5
CL00551,11,121,1,4,2,0,2,0,0,0.9090909090909091,0.09090909090909091,162.63636363636363,0.5
CL00552,13,614,3,2,0,1,2,1,2,0.7692307692307693,0.0,153.46153846153845,0.0
CL00553,8,300,4,1,0,1,2,0,0,0.875,0.0,203.25,0.0
CL00554,16,899,4,0,4,0,4,0,4,0.5625,0.1875,184.625,0.0
CL00555,7,347,3,0,1,0,0,0,1,0.8571428571428571,0.0,180.71428571428572,0.0
CL00556,5,214,1,1,1,0,0,0,1,0.4,0.4,170.0,1.0
CL00557,3,248,1,2,0,0,0,0,0,0.6666666666666666,0.3333333333333333,184.0,0.0
CL00558,8,691,2,0,1,0,3,1,1,0.75,0.125,142.375,0.0
CL00559,13,705,1,4,6,0,1,0,1,0.8461538461538461,0.07692307692307693,143.07692307692307,1.5
CL00560,5,992,1,0,1,0,1,1,1,0.8,0.0,177.4,0.0
CL00561,10,665,2,0,1,1,4,0,0,0.7,0.2,133.5,0.0
CL00562,6,577,0,1,2,0,3,0,0,1.0,0.0,179.0,2.0
CL00563,7,419,1,1,1,0,3,0,0,0.7142857142857143,0.2857142857142857,114.71428571428571,1.0
CL00564,6,484,2,0,0,1,2,0,0,0.6666666666666666,0.16666666666666666,159.16666666666666,0.0
CL00565,6,863,1,0,2,0,3,0,0,1.0,0.0,112.33333333333333,0.0
CL00566,12,1099,6,2,1,0,2,0,1,0.9166666666666666,0.0,129.41666666666666,0.5
CL00567,4,394,1,0,0,0,1,1,1,0.75,0.0,173.0,0.0
CL00568,16,226,4,2,4,0,3,1,2,0.6875,0.1875,140.0625,2.0
CL00569,13,237,2,3,1,0,3,1,2,0.8461538461538461,0.0,113.3076923076923,0.3333333333333333
CL00570,10,268,1,2,1,0,2,0,0,0.8,0.2,183.8,0.5
CL00571,6,891,2,1,0,0,1,0,1,0.3333333333333333,0.5,155.83333333333334,0.0
CL00572,3,453,1,0,1,0,0,0,1,0.6666666666666666,0.0,84.33333333333333,0.0
CL00573,11,166,6,0,1,1,2,0,1,0.7272727272727273,0.09090909090909091,99.45454545454545,0.0
CL00574,8,344,2,0,0,0,1,1,3,0.625,0.0,152.375,0.0
CL00575,11,688,4,0,1,0,3,1,2,0.8181818181818182,0.0,142.9090909090909,0.0
CL00576,11,864,1,2,2,1,3,1,0,0.7272727272727273,0.18181818181818182,163.8181818181818,1.0
CL00577,2,107,0,0,1,0,1,0,0,1.0,0.0,142.0,0.0
CL00578,11,883,2,1,2,0,2,1,2,0.7272727272727273,0.09090909090909091,137.0,2.0
CL00579,6,616,2,1,1,0,1,0,1,0.8333333333333334,0.0,215.16666666666666,1.0
CL00580,9,789,1,2,3,0,1,0,2,0.7777777777777778,0.0,209.55555555555554,1.5
CL00581,6,818,2,1,0,1,1,0,1,0.6666666666666666,0.0,161.33333333333334,0.0
CL00582,11,77,2,1,0,0,2,2,3,0.6363636363636364,0.09090909090909091,116.18181818181819,0.0
CL00583,8,284,4,2,1,0,0,0,0,0.875,0.125,185.0,0.5
CL00584,15,978,5,2,0,1,4,1,0,0.8,0.13333333333333333,159.93333333333334,0.0
CL00585,14,993,6,4,0,0,2,0,1,0.9285714285714286,0.0,151.42857142857142,0.0
CL00586,6,503,3,1,1,1,0,0,0,0.8333333333333334,0.0,245.0,1.0
CL00587,17,972,4,5,2,0,3,0,1,0.9411764705882353,0.0,161.1764705882353,0.4
CL00588,3,223,2,0,0,0,1,0,0,0.6666666666666666,0.3333333333333333,191.66666666666666,0.0
CL00589,7,129,2,0,1,0,2,1,1,0.8571428571428571,0.0,122.57142857142857,0.0
CL00590,12,309,2,3,0,1,3,1,0,0.75,0.16666666666666666,195.41666666666666,0.0
CL00591,11,702,1,0,4,0,3,1,1,0.8181818181818182,0.09090909090909091,117.72727272727273,0.0
CL00592,6,783,2,0,2,0,0,1,1,0.8333333333333334,0.0,141.83333333333334,0.0
CL00593,26,932,8,4,4,3,4,1,2,0.6923076923076923,0.11538461538461539,180.30769230769232,1.0
CL00594,17,370,10,2,1,0,3,0,1,0.7058823529411765,0.23529411764705882,206.52941176470588,0.5
CL00595,1,1,0,0,0,0,0,0,1,0.0,0.0,116.0,0.0
CL00596,7,419,3,0,1,0,3,0,0,0.8571428571428571,0.14285714285714285,171.0,0.0
CL00597,10,361,3,1,0,0,3,1,1,0.8,0.1,152.5,0.0
CL00598,14,826,3,1,2,2,4,0,2,0.5714285714285714,0.14285714285714285,121.07142857142857,2.0
CL00599,11,592,2,3,3,0,1,1,1,0.9090909090909091,0.0,172.8181818181818,1.0
CL00600,11,149,2,2,2,2,1,0,2,0.6363636363636364,0.0,188.45454545454547,1.0
CL00601,7,747,3,0,1,0,2,1,0,0.5714285714285714,0.42857142857142855,164.71428571428572,0.0
CL00602,3,64,2,0,0,0,0,0,0,0.3333333333333333,0.6666666666666666,132.66666666666666,0.0
CL00603,11,114,2,2,1,0,4,0,1,0.8181818181818182,0.09090909090909091,222.72727272727272,0.5
CL00604,12,323,6,1,2,0,2,0,1,0.8333333333333334,0.08333333333333333,154.25,2.0
CL00605,2,550,1,0,0,0,0,1,0,0.5,0.5,175.5,0.0
CL00606,11,325,1,1,4,1,2,0,2,0.6363636363636364,0.09090909090909091,137.54545454545453,4.0
CL00607,17,310,3,1,4,1,3,3,1,0.6470588235294118,0.23529411764705882,119.05882352941177,4.0
CL00608,5,914,1,0,0,0,4,0,0,0.8,0.2,113.4,0.0
CL00609,6,685,4,1,0,0,1,0,0,0.8333333333333334,0.16666666666666666,135.5,0.0
CL00610,3,360,1,0,0,0,2,0,0,0.6666666666666666,0.3333333333333333,118.33333333333333,0.0
CL00611,8,800,3,3,1,0,0,0,1,0.875,0.0,70.875,0.3333333333333333
CL00612,14,494,5,0,2,0,2,1,2,0.8571428571428571,0.0,130.57142857142858,0.0
CL00613,11,564,3,0,0,0,7,0,1,0.8181818181818182,0.09090909090909091,175.0909090909091,0.0
CL00614,19,808,5,3,2,0,6,1,1,0.7368421052631579,0.21052631578947367,229.6315789473684,0.6666666666666666
CL00615,7,551,4,1,1,0,1,0,0,0.8571428571428571,0.14285714285714285,88.57142857142857,1.0
CL00616,10,125,2,1,0,0,4,1,0,1.0,0.0,128.5,0.0
CL00617,12,412,2,2,0,0,4,0,1,0.75,0.16666666666666666,138.58333333333334,0.0
CL00618,9,446,2,3,0,0,3,1,0,0.6666666666666666,0.3333333333333333,150.0,0.0
CL00619,8,358,4,0,0,0,1,1,2,0.75,0.0,149.75,0.0
CL00620,2,66,2,0,0,0,0,0,0,0.5,0.5,78.0,0.0
CL00621,3,121,0,1,0,0,0,0,1,0.6666666666666666,0.0,129.0,0.0
CL00622,15,217,5,2,2,0,4,0,2,0.8,0.06666666666666667,151.66666666666666,1.0
CL00623,17,501,8,2,0,0,6,0,0,1.0,0.0,180.88235294117646,0.0
CL00624,11,404,1,0,3,1,5,0,0,0.7272727272727273,0.18181818181818182,119.72727272727273,0.0
CL00625,10,382,3,2,2,0,2,0,0,0.7,0.3,103.3,1.0
CL00626,2,86,0,1,0,0,1,0,0,1.0,0.0,242.5,0.0
CL00627,14,371,7,2,2,0,3,0,0,0.9285714285714286,0.07142857142857142,118.64285714285714,1.0
CL00628,4,173,2,0,0,0,1,0,1,0.5,0.25,113.5,0.0
CL00629,11,824,3,1,3,1,2,1,0,0.6363636363636364,0.2727272727272727,182.0,3.0
CL00630,13,693,6,2,0,0,2,0,1,0.8461538461538461,0.07692307692307693,136.07692307692307,0.0
CL00631,4,416,1,0,1,0,1,0,0,0.5,0.5,191.25,0.0
CL00632,14,216,4,3,1,1,2,1,0,0.9285714285714286,0.0,148.42857142857142,0.3333333333333333
CL00633,4,149,1,1,0,0,1,0,0,1.0,0.0,305.0,0.0
CL00634,13,656,5,0,3,1,1,0,2,0.6923076923076923,0.07692307692307693,138.46153846153845,0.0
CL00635,13,752,4,1,2,1,2,1,0,0.6153846153846154,0.3076923076923077,152.53846153846155,2.0
CL00636,11,677,2,1,4,0,1,0,1,0.8181818181818182,0.09090909090909091,229.45454545454547,4.0
CL00637,11,386,4,3,1,1,1,1,0,0.7272727272727273,0.18181818181818182,128.54545454545453,0.3333333333333333
CL00638,5,325,3,0,1,0,1,0,0,1.0,0.0,119.6,0.0
CL00639,8,189,1,2,1,1,3,0,0,0.875,0.0,175.625,0.5
CL00640,11,1041,3,1,3,0,2,1,1,0.8181818181818182,0.09090909090909091,139.1818181818182,3.0
CL00641,14,354,3,6,1,0,4,0,0,0.7857142857142857,0.21428571428571427,143.85714285714286,0.16666666666666666
CL00642,8,782,2,1,1,0,2,1,0,0.75,0.25,155.75,1.0
CL00643,7,317,2,0,1,0,0,0,2,0.7142857142857143,0.0,184.0,0.0
CL00644,3,225,2,0,1,0,0,0,0,1.0,0.0,123.66666666666667,0.0
CL00645,10,105,1,1,2,1,1,1,3,0.6,0.0,186.0,2.0
CL00646,10,444,3,0,2,1,1,1,1,0.6,0.2,90.1,0.0
CL00647,6,300,1,1,1,0,1,0,0,1.0,0.0,171.0,1.0
CL00648,7,258,1,1,0,0,1,2,2,0.42857142857142855,0.2857142857142857,234.85714285714286,0.0
CL00649,8,114,2,2,0,0,2,0,1,0.875,0.0,114.375,0.0
CL00650,1,1,0,0,0,0,0,1,0,1.0,0.0,90.0,0.0
CL00651,3,128,1,0,0,0,1,0,1,0.3333333333333333,0.3333333333333333,145.33333333333334,0.0
CL00652,5,522,3,1,0,0,1,0,0,0.8,0.2,161.0,0.0
CL00653,15,779,4,1,4,0,2,0,2,0.8,0.06666666666666667,124.26666666666667,4.0
CL00654,7,546,2,1,1,0,2,1,0,0.7142857142857143,0.2857142857142857,124.85714285714286,1.0
CL00655,5,87,1,2,0,0,0,1,1,0.6,0.2,125.4,0.0
CL00656,19,703,8,3,1,0,5,0,2,0.7368421052631579,0.15789473684210525,134.21052631578948,0.3333333333333333
CL00657,11,785,2,2,1,0,5,0,1,0.8181818181818182,0.09090909090909091,139.36363636363637,0.5
CL00658,14,769,3,2,3,1,1,0,2,0.5714285714285714,0.21428571428571427,147.85714285714286,1.5
CL00659,10,232,2,3,3,0,2,0,0,0.8,0.2,195.0,1.0
CL00660,8,265,2,0,3,0,0,0,1,0.75,0.125,173.875,0.0
CL00661,6,186,4,0,2,0,0,0,0,0.8333333333333334,0.16666666666666666,137.16666666666666,0.0
CL00662,5,692,1,2,1,0,1,0,0,0.8,0.2,139.4,0.5
CL00663,7,343,3,0,0,0,3,0,0,1.0,0.0,226.14285714285714,0.0
CL00664,4,224,0,1,0,0,0,2,0,1.0,0.0,134.75,0.0
CL00665,2,638,0,1,0,1,0,0,0,0.5,0.0,147.0,0.0
CL00666,23,858,5,4,2,0,7,1,1,0.8260869565217391,0.13043478260869565,160.6086956521739,0.5
CL00667,19,695,7,0,3,1,5,1,2,0.5789473684210527,0.2631578947368421,132.0,0.0
CL00668,23,823,2,2,4,1,4,7,2,0.782608695652174,0.08695652173913043,194.7826086956522,2.0
CL00669,1,1,0,0,1,0,0,0,0,1.0,0.0,149.0,0.0
CL00670,11,431,2,0,0,3,6,0,0,0.7272727272727273,0.0,170.36363636363637,0.0
CL00671,5,409,1,0,1,1,1,0,1,0.6,0.0,97.4,0.0
CL00672,9,132,1,2,1,1,2,0,1,0.6666666666666666,0.1111111111111111,122.55555555555556,0.5
CL00673,5,932,1,2,0,0,2,0,0,0.8,0.2,263.8,0.0
CL00674,19,946,2,2,3,0,8,0,2,0.8421052631578947,0.05263157894736842,191.89473684210526,1.5
CL00675,3,404,2,1,0,0,0,0,0,1.0,0.0,135.33333333333334,0.0
CL00676,1,1,1,0,0,0,0,0,0,1.0,0.0,322.0,0.0
CL00677,17,451,6,4,1,0,5,0,0,0.8235294117647058,0.17647058823529413,150.41176470588235,0.25
CL00678,9,813,3,1,1,1,2,1,0,0.6666666666666666,0.2222222222222222,164.66666666666666,1.0
CL00679,8,511,2,4,1,0,0,1,0,0.875,0.125,144.375,0.25
CL00680,22,266,4,4,3,0,4,2,4,0.7727272727272727,0.045454545454545456,170.77272727272728,0.75
CL00681,5,435,1,1,0,2,0,0,1,0.4,0.0,128.4,0.0
CL00682,4,174,2,0,0,0,1,1,0,0.5,0.5,176.0,0.0
CL00683,14,402,4,5,1,0,1,0,1,0.7857142857142857,0.14285714285714285,182.64285714285714,0.2
CL00684,5,202,2,1,1,0,1,0,0,0.8,0.2,143.0,1.0
CL00685,3,53,1,1,0,0,0,1,0,0.0,1.0,90.66666666666667,0.0
CL00686,6,493,3,2,0,0,1,0,0,0.8333333333333334,0.16666666666666666,214.5,0.0
CL00687,11,452,3,1,1,1,4,0,1,0.6363636363636364,0.18181818181818182,120.36363636363636,1.0
CL00688,10,441,2,2,1,0,3,0,2,0.7,0.1,169.5,0.5
CL00689,9,352,2,0,1,0,4,0,1,0.6666666666666666,0.2222222222222222,150.22222222222223,0.0
CL00690,8,407,2,1,0,0,3,1,1,0.625,0.25,213.75,0.0
CL00691,20,148,4,6,4,0,4,1,0,0.8,0.2,154.15,0.6666666666666666
CL00692,8,296,2,3,0,1,2,0,0,0.875,0.0,139.625,0.0
CL00693,12,194,2,4,1,0,4,1,0,1.0,0.0,117.08333333333333,0.25
CL00694,8,978,3,0,1,0,3,1,0,0.75,0.25,112.0,0.0
CL00695,14,678,6,3,2,0,2,0,1,0.7142857142857143,0.21428571428571427,146.85714285714286,0.6666666666666666
CL00696,11,481,3,4,1,0,2,0,1,0.8181818181818182,0.09090909090909091,131.63636363636363,0.25
CL00697,11,636,1,3,3,0,1,1,1,0.8181818181818182,0.09090909090909091,146.0,1.0
CL00698,6,98,2,1,1,1,0,0,0,0.8333333333333334,0.0,100.5,1.0
CL00699,16,700,4,4,3,0,1,1,2,0.875,0.0,191.25,0.75
CL00700,8,629,2,2,1,1,1,0,1,0.625,0.125,139.25,0.5
CL00701,7,955,2,0,0,0,2,1,0,0.8571428571428571,0.14285714285714285,184.57142857142858,0.0
CL00702,13,706,2,3,2,1,4,0,1,0.7692307692307693,0.07692307692307693,136.0,0.6666666666666666
CL00703,12,146,3,0,1,2,2,0,1,0.6666666666666666,0.08333333333333333,141.0,0.0
CL00704,10,367,3,0,0,1,4,1,0,0.8,0.1,126.9,0.0
CL00705,4,624,3,0,0,0,1,0,0,1.0,0.0,173.0,0.0
CL00706,6,223,3,0,0,1,0,2,0,0.8333333333333334,0.0,159.16666666666666,0.0
CL00707,9,700,3,2,0,0,2,1,0,0.7777777777777778,0.2222222222222222,210.88888888888889,0.0
CL00708,9,127,4,4,0,0,0,0,1,0.8888888888888888,0.0,101.22222222222223,0.0
CL00709,13,475,3,2,0,0,3,2,3,0.6153846153846154,0.15384615384615385,159.3846153846154,0.0
CL00710,8,131,3,1,1,0,2,1,0,1.0,0.0,215.25,1.0
CL00711,17,802,11,2,1,0,2,0,0,0.8235294117647058,0.17647058823529413,144.23529411764707,0.5
CL00712,5,104,2,0,0,1,1,1,0,0.4,0.4,107.8,0.0
CL00713,5,679,3,1,1,0,0,0,0,1.0,0.0,136.2,1.0
CL00714,10,784,5,1,1,0,3,0,0,1.0,0.0,136.2,1.0
CL00715,15,259,5,2,2,0,5,1,0,0.8,0.2,152.06666666666666,1.0
CL00716,12,690,5,0,1,0,4,1,0,1.0,0.0,152.5,0.0
CL00717,8,677,2,4,0,0,2,0,0,0.875,0.125,192.75,0.0
CL00718,9,1070,1,3,2,0,1,0,2,0.4444444444444444,0.3333333333333333,166.66666666666666,0.6666666666666666
CL00719,2,50,1,0,0,0,1,0,0,1.0,0.0,181.5,0.0
CL00720,8,183,4,1,0,0,1,1,0,0.75,0.25,222.125,0.0
CL00721,5,578,1,0,1,0,2,0,1,0.8,0.0,199.2,0.0
CL00722,22,724,5,5,4,1,3,0,4,0.7272727272727273,0.045454545454545456,222.3181818181818,0.8
CL00723,8,550,2,3,0,0,2,0,1,0.75,0.125,125.25,0.0
CL00724,10,430,1,2,1,1,5,0,0,0.6,0.3,149.9,0.5
CL00725,5,597,1,1,1,0,2,0,0,0.8,0.2,109.0,1.0
CL00726,3,229,0,1,1,0,1,0,0,0.6666666666666666,0.3333333333333333,55.0,1.0
CL00727,7,730,2,1,1,0,2,0,1,0.7142857142857143,0.14285714285714285,186.14285714285714,1.0
CL00728,10,163,4,2,0,0,4,0,0,0.9,0.1,176.2,0.0
CL00729,15,177,7,2,0,1,2,0,2,0.6666666666666666,0.13333333333333333,150.0,0.0
CL00730,8,754,5,0,1,0,0,0,1,0.625,0.25,241.0,0.0
CL00731,12,198,4,0,1,0,1,3,3,0.75,0.0,189.33333333333334,0.0
CL00732,9,600,1,2,2,2,1,1,0,0.7777777777777778,0.0,99.0,1.0
CL00733,16,428,3,3,4,2,3,1,0,0.6875,0.1875,177.0,1.3333333333333333
CL00734,11,903,1,0,1,2,4,1,1,0.7272727272727273,0.0,178.36363636363637,0.0
CL00735,13,1010,2,2,4,0,2,2,0,0.9230769230769231,0.07692307692307693,171.53846153846155,2.0
CL00736,19,544,6,4,1,0,5,0,2,0.8947368421052632,0.0,176.3684210526316,0.25
CL00737,9,855,2,4,0,1,2,0,0,0.5555555555555556,0.3333333333333333,152.55555555555554,0.0
CL00738,11,899,3,1,1,0,3,1,1,0.8181818181818182,0.09090909090909091,163.8181818181818,1.0
CL00739,8,91,3,1,2,0,2,0,0,0.875,0.125,162.375,2.0
CL00740,15,155,2,1,4,0,3,2,3,0.7333333333333333,0.06666666666666667,131.4,4.0
CL00741,7,625,5,1,0,0,0,0,1,0.7142857142857143,0.14285714285714285,96.71428571428571,0.0
CL00742,4,62,1,0,0,0,1,0,2,0.5,0.0,197.25,0.0
CL00743,4,208,1,0,1,0,1,0,1,0.75,0.0,166.25,0.0
CL00744,5,376,2,1,0,0,2,0,0,0.8,0.2,211.0,0.0
CL00745,2,215,1,1,0,0,0,0,0,1.0,0.0,176.5,0.0
CL00746,9,664,2,0,2,2,3,0,0,0.6666666666666666,0.1111111111111111,151.44444444444446,0.0
CL00747,8,132,1,0,1,0,5,0,0,1.0,0.0,137.25,0.0
CL00748,22,739,5,2,1,1,8,0,3,0.5,0.3181818181818182,154.72727272727272,0.5
CL00749,8,313,5,2,0,0,1,0,0,0.75,0.25,274.5,0.0
CL00750,3,283,0,1,1,0,1,0,0,1.0,0.0,119.0,1.0
CL00751,10,614,4,3,1,0,2,0,0,0.8,0.2,131.9,0.3333333333333333
CL00752,3,198,1,1,0,0,0,1,0,1.0,0.0,104.0,0.0
CL00753,14,142,6,2,1,0,3,1,0,1.0,0.0,176.0,0.5
CL00754,15,675,2,2,3,1,3,1,2,0.6,0.2,114.2,1.5
CL00755,8,1117,2,1,1,0,2,0,2,0.625,0.125,165.875,1.0
CL00756,4,332,1,0,1,1,0,0,0,0.75,0.0,158.0,0.0
CL00757,7,482,2,1,1,0,1,1,1,0.5714285714285714,0.2857142857142857,99.71428571428571,1.0
CL00758,7,563,2,1,1,1,1,1,0,0.8571428571428571,0.0,141.0,1.0
CL00759,5,137,3,0,0,0,1,0,0,0.8,0.2,194.6,0.0
CL00760,3,140,1,1,0,0,0,0,1,0.6666666666666666,0.0,110.33333333333333,0.0
CL00761,9,426,2,2,1,0,4,0,0,0.7777777777777778,0.2222222222222222,137.33333333333334,0.5
CL00762,18,290,3,5,3,0,6,1,0,0.7777777777777778,0.2222222222222222,147.72222222222223,0.6
CL00763,7,680,1,0,1,1,3,0,1,0.5714285714285714,0.14285714285714285,109.14285714285714,0.0
CL00764,25,313,11,4,2,0,4,0,1,0.72,0.24,150.4,0.5
CL00765,9,628,3,2,1,0,0,0,3,0.6666666666666666,0.0,126.22222222222223,0.5
CL00766,8,595,2,2,0,0,2,0,2,0.625,0.125,123.375,0.0
CL00767,13,455,2,3,1,2,0,3,1,0.7692307692307693,0.0,132.07692307692307,0.3333333333333333
CL00768,13,828,5,1,2,0,3,2,0,1.0,0.0,195.84615384615384,2.0
CL00769,3,515,0,1,0,0,1,0,0,1.0,0.0,159.33333333333334,0.0
CL00770,11,733,2,2,2,0,2,0,1,0.9090909090909091,0.0,210.8181818181818,1.0
CL00771,6,974,3,0,2,0,1,0,0,0.8333333333333334,0.16666666666666666,187.0,0.0
CL00772,2,200,0,0,1,0,1,0,0,1.0,0.0,302.5,0.0
CL00773,14,197,5,4,1,0,3,0,1,0.8571428571428571,0.07142857142857142,180.14285714285714,0.25
CL00774,10,120,2,1,2,0,4,0,0,0.9,0.1,255.3,2.0
CL00775,18,176,7,1,2,0,5,0,2,0.6111111111111112,0.2777777777777778,125.27777777777777,2.0
CL00776,9,693,4,0,1,0,3,0,1,0.8888888888888888,0.0,192.44444444444446,0.0
CL00777,11,590,2,0,2,0,2,2,3,0.7272727272727273,0.0,126.9090909090909,0.0
CL00778,10,417,4,2,0,0,2,1,1,0.7,0.2,171.2,0.0
CL00779,4,193,0,0,1,0,2,0,1,0.75,0.0,115.25,0.0
CL00780,7,106,3,0,1,1,2,0,0,0.8571428571428571,0.0,195.42857142857142,0.0
CL00781,21,475,5,4,2,0,3,3,2,0.8095238095238095,0.09523809523809523,122.85714285714286,0.5
CL00782,6,699,2,0,0,2,1,0,0,0.5,0.16666666666666666,155.33333333333334,0.0
CL00783,2,41,1,0,0,0,0,0,1,0.5,0.0,167.0,0.0
CL00784,9,220,1,3,1,0,2,0,1,0.8888888888888888,0.0,195.77777777777777,0.3333333333333333
CL00785,14,583,3,2,2,0,3,0,2,0.7142857142857143,0.14285714285714285,156.0,1.0
CL00786,8,579,2,0,1,0,2,1,1,0.875,0.0,120.25,0.0
CL00787,2,36,0,1,0,0,0,1,0,1.0,0.0,60.0,0.0
CL00788,29,1059,9,7,1,1,6,1,4,0.7931034482758621,0.034482758620689655,142.20689655172413,0.14285714285714285
CL00789,22,714,2,5,2,0,5,1,2,0.8181818181818182,0.09090909090909091,165.04545454545453,0.4
CL00790,7,726,2,1,0,0,0,1,1,0.8571428571428571,0.0,150.0,0.0
CL00791,8,219,0,2,5,0,0,1,0,0.875,0.125,146.0,2.5
CL00792,8,444,1,1,1,0,2,1,1,0.75,0.125,98.875,1.0
CL00793,13,568,6,1,2,0,3,0,1,0.8461538461538461,0.07692307692307693,173.15384615384616,2.0
CL00794,6,555,1,0,0,0,3,0,2,0.6666666666666666,0.0,152.66666666666666,0.0
CL00795,11,589,5,0,2,0,3,0,1,0.9090909090909091,0.0,161.0909090909091,0.0
CL00796,8,256,2,1,0,0,1,0,2,0.5,0.25,157.25,0.0
CL00797,12,673,1,3,2,0,1,1,2,0.6666666666666666,0.16666666666666666,158.91666666666666,0.6666666666666666
CL00798,8,490,1,1,2,0,2,2,0,0.625,0.375,170.375,2.0
CL00799,15,686,5,4,1,1,4,0,0,0.7333333333333333,0.2,141.2,0.25
CL00800,7,557,0,2,3,0,0,1,1,0.7142857142857143,0.14285714285714285,240.0,1.5
CL00801,15,1016,3,1,4,0,4,0,3,0.8,0.0,194.4,4.0
CL00802,16,756,4,3,3,1,2,1,2,0.6875,0.125,156.375,1.0
CL00803,9,254,2,1,1,0,2,1,1,0.6666666666666666,0.2222222222222222,132.0,1.0
CL00804,9,331,2,0,2,0,3,1,1,0.7777777777777778,0.1111111111111111,115.66666666666667,0.0
CL00805,6,488,2,0,2,0,1,0,0,1.0,0.0,209.33333333333334,0.0
CL00806,9,673,3,0,3,1,1,0,0,0.8888888888888888,0.0,155.66666666666666,0.0
CL00807,14,595,2,2,1,1,4,2,1,0.7857142857142857,0.07142857142857142,154.64285714285714,0.5
CL00808,13,772,6,2,1,2,1,0,1,0.6153846153846154,0.15384615384615385,133.15384615384616,0.5
CL00809,16,858,6,1,2,0,3,0,1,0.8125,0.125,208.0625,2.0
CL00810,5,255,2,0,0,0,2,0,1,0.6,0.2,181.6,0.0
CL00811,10,360,4,1,2,1,1,0,0,0.9,0.0,113.9,2.0
CL00812,12,359,4,1,0,0,2,1,2,0.8333333333333334,0.0,226.08333333333334,0.0
CL00813,6,156,3,0,0,0,2,1,0,0.8333333333333334,0.16666666666666666,117.33333333333333,0.0
CL00814,6,292,2,0,0,1,2,0,0,0.3333333333333333,0.5,199.5,0.0
CL00815,5,888,1,1,0,0,1,1,0,1.0,0.0,111.2,0.0
CL00816,10,520,4,0,1,1,2,1,1,0.6,0.2,102.5,0.0
CL00817,15,960,6,2,4,0,1,1,1,0.8666666666666667,0.06666666666666667,165.2,2.0
CL00818,13,958,4,1,1,1,4,2,0,0.6923076923076923,0.23076923076923078,141.15384615384616,1.0
CL00819,10,495,2,1,3,1,1,1,1,0.8,0.0,161.2,3.0
CL00820,6,216,2,2,0,0,1,0,0,1.0,0.0,144.0,0.0
CL00821,2,323,0,0,0,0,1,1,0,1.0,0.0,183.5,0.0
CL00822,18,888,7,5,2,2,1,0,1,0.7222222222222222,0.1111111111111111,129.66666666666666,0.4
CL00823,7,84,0,2,1,0,1,2,0,1.0,0.0,109.42857142857143,0.5
CL00824,6,255,5,1,0,0,0,0,0,0.6666666666666666,0.3333333333333333,122.66666666666667,0.0
CL00825,7,456,4,1,0,0,0,1,1,0.7142857142857143,0.14285714285714285,208.57142857142858,0.0
CL00826,13,162,4,0,0,1,4,2,1,0.7692307692307693,0.07692307692307693,120.6923076923077,0.0
CL00827,18,516,4,2,3,1,4,1,2,0.8333333333333334,0.0,182.16666666666666,1.5
CL00828,13,807,6,0,0,0,1,2,4,0.46153846153846156,0.23076923076923078,144.69230769230768,0.0
CL00829,24,820,7,3,3,1,6,2,2,0.75,0.125,129.58333333333334,1.0
CL00830,9,668,2,2,2,0,0,1,1,0.7777777777777778,0.1111111111111111,221.77777777777777,1.0
CL00831,12,988,4,4,0,1,1,0,0,0.5833333333333334,0.3333333333333333,213.91666666666666,0.0
CL00832,8,816,2,3,0,0,2,0,1,0.625,0.25,145.75,0.0
CL00833,1,1,0,0,0,0,1,0,0,1.0,0.0,502.0,0.0
CL00834,17,105,4,4,3,2,4,0,0,0.8235294117647058,0.058823529411764705,151.05882352941177,0.75
CL00835,16,589,6,2,4,0,2,0,2,0.625,0.25,167.375,2.0
CL00836,2,250,2,0,0,0,0,0,0,1.0,0.0,234.5,0.0
CL00837,12,400,3,3,0,0,4,1,1,0.9166666666666666,0.0,148.66666666666666,0.0
CL00838,8,744,3,0,0,0,2,2,0,0.875,0.125,157.125,0.0
CL00839,10,735,2,1,1,0,4,0,2,0.7,0.1,198.3,1.0
CL00840,9,265,2,2,0,1,3,0,1,0.7777777777777778,0.0,219.77777777777777,0.0
CL00841,7,110,2,0,1,0,1,0,1,0.5714285714285714,0.2857142857142857,173.71428571428572,0.0
CL00842,18,599,7,1,2,0,3,1,3,0.8333333333333334,0.0,205.0,2.0
CL00843,12,354,4,4,0,0,3,0,0,0.8333333333333334,0.16666666666666666,190.08333333333334,0.0
CL00844,4,305,2,1,0,1,0,0,0,0.75,0.0,164.75,0.0
CL00845,3,191,1,1,0,0,0,0,0,1.0,0.0,136.33333333333334,0.0
CL00846,5,250,0,1,0,0,1,2,0,1.0,0.0,229.2,0.0
CL00847,11,400,6,1,1,1,1,1,0,0.9090909090909091,0.0,159.36363636363637,1.0
CL00848,12,892,4,2,1,0,2,1,2,0.6666666666666666,0.16666666666666666,172.75,0.5
CL00849,11,205,1,0,0,0,5,2,3,0.6363636363636364,0.09090909090909091,152.72727272727272,0.0
CL00850,10,146,3,0,3,0,2,0,1,0.6,0.3,207.6,0.0
CL00851,12,973,4,1,1,0,3,0,2,0.75,0.08333333333333333,237.0,1.0
CL00852,12,309,6,3,1,0,1,0,0,0.9166666666666666,0.08333333333333333,243.33333333333334,0.3333333333333333
CL00853,12,257,3,2,1,0,2,2,1,0.9166666666666666,0.0,169.08333333333334,0.5
CL00854,8,510,2,0,1,1,2,1,1,0.5,0.25,150.5,0.0
CL00855,9,245,3,2,0,0,4,0,0,0.7777777777777778,0.2222222222222222,152.66666666666666,0.0
CL00856,7,387,2,1,1,0,3,0,0,0.7142857142857143,0.2857142857142857,171.42857142857142,1.0
CL00857,15,124,4,1,1,2,2,1,3,0.6,0.06666666666666667,188.4,1.0
CL00858,4,989,1,1,1,0,1,0,0,1.0,0.0,173.75,1.0
CL00859,11,470,2,0,3,0,3,0,2,0.7272727272727273,0.09090909090909091,125.54545454545455,0.0
CL00860,4,255,2,0,0,0,2,0,0,0.5,0.5,101.25,0.0
CL00861,14,717,9,2,0,0,1,0,2,0.7857142857142857,0.07142857142857142,177.92857142857142,0.0
CL00862,9,577,2,3,2,0,1,0,0,0.6666666666666666,0.3333333333333333,206.33333333333334,0.6666666666666666
CL00863,9,733,1,4,0,1,2,0,1,0.7777777777777778,0.0,227.66666666666666,0.0
CL00864,14,96,4,1,3,1,4,0,1,0.7857142857142857,0.07142857142857142,181.92857142857142,3.0
CL00865,6,225,2,1,0,0,3,0,0,0.8333333333333334,0.16666666666666666,236.16666666666666,0.0
CL00866,9,524,4,0,1,0,3,1,0,0.6666666666666666,0.3333333333333333,180.22222222222223,0.0
CL00867,4,160,1,2,1,0,0,0,0,1.0,0.0,157.5,0.5
CL00868,4,242,1,0,0,0,2,0,1,0.5,0.25,103.75,0.0
CL00869,13,263,3,2,1,0,2,3,2,0.7692307692307693,0.07692307692307693,153.30769230769232,0.5
CL00870,14,995,3,3,1,0,3,2,2,0.7857142857142857,0.07142857142857142,162.85714285714286,0.3333333333333333
CL00871,15,651,7,2,0,1,2,0,1,0.7333333333333333,0.13333333333333333,179.26666666666668,0.0
CL00872,2,202,0,0,0,0,1,0,1,0.5,0.0,64.0,0.0
CL00873,4,266,2,0,1,0,1,0,0,1.0,0.0,138.75,0.0
CL00874,7,387,5,1,0,0,1,0,0,0.7142857142857143,0.2857142857142857,176.57142857142858,0.0
CL00875,3,138,2,0,0,0,0,0,0,1.0,0.0,176.33333333333334,0.0
CL00876,11,335,2,0,3,0,2,1,2,0.8181818181818182,0.0,181.9090909090909,0.0
CL00877,12,91,5,1,2,0,1,2,0,0.6666666666666666,0.3333333333333333,138.58333333333334,2.0
CL00878,10,930,3,1,1,1,1,3,0,0.8,0.1,212.9,1.0
CL00879,10,706,5,1,2,0,1,1,0,1.0,0.0,141.7,2.0
CL00880,1,1,0,0,0,0,1,0,0,1.0,0.0,204.0,0.0
CL00881,5,72,2,0,1,0,1,0,0,1.0,0.0,208.2,0.0
CL00882,5,586,1,1,2,0,0,1,0,0.8,0.2,203.2,2.0
CL00883,4,513,2,0,1,0,0,1,0,1.0,0.0,114.0,0.0
CL00884,8,763,3,2,0,0,2,0,0,0.375,0.625,220.75,0.0
CL00885,3,57,2,0,0,0,1,0,0,0.6666666666666666,0.3333333333333333,235.33333333333334,0.0
CL00886,7,174,3,1,1,0,0,2,0,0.8571428571428571,0.14285714285714285,214.42857142857142,1.0
CL00887,12,110,4,4,0,0,2,2,0,0.8333333333333334,0.16666666666666666,221.5,0.0
CL00888,6,791,1,1,1,0,1,0,0,0.8333333333333334,0.16666666666666666,78.66666666666667,1.0
CL00889,11,830,5,2,1,0,1,0,2,0.6363636363636364,0.18181818181818182,205.8181818181818,0.5
CL00890,16,611,4,2,4,0,1,2,3,0.5625,0.25,124.8125,2.0
CL00891,9,738,2,3,2,0,1,0,1,0.6666666666666666,0.2222222222222222,144.11111111111111,0.6666666666666666
CL00892,15,374,7,2,0,1,3,1,1,0.5333333333333333,0.3333333333333333,207.6,0.0
CL00893,15,289,1,1,2,3,4,3,1,0.6666666666666666,0.06666666666666667,116.2,2.0
CL00894,5,352,2,1,0,0,1,0,0,0.8,0.2,208.0,0.0
CL00895,9,84,3,1,1,1,1,1,1,0.7777777777777778,0.0,133.77777777777777,1.0
CL00896,7,235,0,3,1,0,1,0,1,0.7142857142857143,0.14285714285714285,197.42857142857142,0.3333333333333333
CL00897,10,742,4,1,3,0,1,1,0,0.9,0.1,166.5,3.0
CL00898,9,193,3,2,1,1,0,0,0,0.6666666666666666,0.2222222222222222,161.11111111111111,0.5
CL00899,4,53,0,0,1,0,2,0,1,0.5,0.25,114.0,0.0
CL00900,22,627,4,5,1,2,6,1,2,0.8181818181818182,0.0,182.5909090909091,0.2
CL00901,5,798,1,1,1,0,2,0,0,1.0,0.0,140.2,1.0
CL00902,3,635,1,1,0,0,0,1,0,1.0,0.0,176.33333333333334,0.0
CL00903,6,835,3,0,0,1,0,2,0,0.6666666666666666,0.16666666666666666,73.16666666666667,0.0
CL00904,9,924,3,0,2,1,2,1,0,0.6666666666666666,0.2222222222222222,224.88888888888889,0.0
CL00905,5,199,0,0,0,1,2,0,1,0.4,0.2,155.6,0.0
CL00906,10,552,3,1,1,2,2,0,0,0.8,0.0,163.1,1.0
CL00907,10,589,1,0,0,1,5,1,2,0.6,0.1,165.9,0.0
CL00908,12,391,5,1,1,1,2,1,1,0.5833333333333334,0.25,81.08333333333333,1.0
CL00909,13,829,1,3,1,1,3,1,1,0.6153846153846154,0.23076923076923078,140.3846153846154,0.3333333333333333
CL00910,2,60,1,0,0,0,1,0,0,1.0,0.0,60.5,0.0
CL00911,14,381,4,2,1,1,5,1,0,0.9285714285714286,0.0,219.07142857142858,0.5
CL00912,10,249,5,1,0,0,2,1,1,0.9,0.0,213.8,0.0
CL00913,6,177,1,1,0,0,3,0,0,1.0,0.0,181.0,0.0
CL00914,7,368,0,2,0,1,3,0,0,0.42857142857142855,0.42857142857142855,100.0,0.0
CL00915,4,362,1,0,3,0,0,0,0,1.0,0.0,155.25,0.0
CL00916,13,993,4,1,0,0,5,0,2,0.6153846153846154,0.23076923076923078,159.30769230769232,0.0
CL00917,14,194,4,1,3,0,1,2,3,0.5714285714285714,0.21428571428571427,163.0,3.0
CL00918,7,623,2,1,0,2,0,0,2,0.42857142857142855,0.0,248.57142857142858,0.0
CL00919,10,481,5,0,1,0,2,0,1,0.8,0.1,175.4,0.0
CL00920,6,562,2,2,0,0,1,0,1,0.6666666666666666,0.16666666666666666,174.33333333333334,0.0
CL00921,14,910,5,2,1,2,3,0,1,0.7857142857142857,0.0,115.21428571428571,0.5
CL00922,3,332,2,0,1,0,0,0,0,1.0,0.0,90.0,0.0
CL00923,9,985,2,2,0,0,1,1,2,0.6666666666666666,0.1111111111111111,134.0,0.0
CL00924,3,559,2,0,0,0,0,0,1,0.6666666666666666,0.0,102.0,0.0
CL00925,5,306,3,0,0,0,2,0,0,1.0,0.0,122.8,0.0
CL00926,3,209,2,0,0,0,0,0,0,0.6666666666666666,0.3333333333333333,143.66666666666666,0.0
CL00927,7,214,0,1,0,0,3,2,1,0.5714285714285714,0.2857142857142857,173.28571428571428,0.0
CL00928,9,780,2,1,0,1,2,0,3,0.4444444444444444,0.1111111111111111,195.0,0.0
CL00929,11,193,3,1,1,0,5,0,1,0.8181818181818182,0.09090909090909091,137.72727272727272,1.0
CL00930,1,1,0,0,0,0,0,1,0,1.0,0.0,120.0,0.0
CL00931,9,296,1,3,1,1,1,2,0,0.6666666666666666,0.2222222222222222,140.33333333333334,0.3333333333333333
CL00932,5,231,2,1,1,0,0,0,1,0.6,0.2,233.4,1.0
CL00933,8,479,4,3,0,0,1,0,0,0.875,0.125,113.5,0.0
CL00934,11,1013,4,1,4,0,1,0,0,0.8181818181818182,0.18181818181818182,159.63636363636363,4.0
CL00936,2,66,1,0,0,0,1,0,0,1.0,0.0,125.0,0.0
CL00937,7,92,0,1,0,0,5,1,0,0.8571428571428571,0.14285714285714285,180.0,0.0
CL00938,18,241,9,2,1,1,2,0,2,0.7777777777777778,0.05555555555555555,154.0,0.5
CL00939,10,1074,2,4,2,0,0,0,0,0.8,0.2,128.2,0.5
CL00940,16,724,1,3,4,2,2,0,3,0.625,0.0625,136.5625,1.3333333333333333
CL00941,11,678,4,1,0,1,4,0,0,0.8181818181818182,0.09090909090909091,139.63636363636363,0.0
CL00942,13,314,5,2,2,1,2,1,0,0.6153846153846154,0.3076923076923077,126.15384615384616,1.0
CL00943,9,580,4,0,0,0,2,0,1,0.6666666666666666,0.2222222222222222,166.11111111111111,0.0
CL00944,13,1037,4,3,3,0,2,0,0,0.7692307692307693,0.23076923076923078,156.3846153846154,1.0
CL00945,12,98,2,4,2,1,2,0,1,0.6666666666666666,0.16666666666666666,141.83333333333334,0.5
CL00946,9,442,2,3,0,2,1,0,1,0.4444444444444444,0.2222222222222222,182.33333333333334,0.0
CL00947,14,930,5,1,4,0,2,1,1,0.7142857142857143,0.21428571428571427,150.92857142857142,4.0
CL00948,2,556,0,0,2,0,0,0,0,1.0,0.0,107.5,0.0
CL00949,8,96,5,2,0,0,0,1,0,1.0,0.0,86.125,0.0
CL00950,12,964,2,0,3,1,3,2,1,0.6666666666666666,0.16666666666666666,198.83333333333334,0.0
CL00951,12,394,2,3,0,1,2,1,0,0.9166666666666666,0.0,153.41666666666666,0.0
CL00952,6,514,4,0,0,0,1,0,1,0.8333333333333334,0.0,159.33333333333334,0.0
CL00953,12,689,3,1,2,1,4,0,1,0.75,0.08333333333333333,188.75,2.0
CL00954,12,904,4,2,2,0,2,1,1,0.6666666666666666,0.25,166.16666666666666,1.0
CL00955,3,7,0,1,1,0,0,0,0,1.0,0.0,99.0,1.0
CL00956,2,549,0,0,1,0,0,1,0,0.5,0.5,202.5,0.0
CL00957,12,421,3,2,2,0,2,1,2,0.75,0.08333333333333333,148.83333333333334,1.0
CL00958,22,490,3,3,2,0,8,2,3,0.7272727272727273,0.13636363636363635,161.5909090909091,0.6666666666666666
CL00959,4,73,1,1,0,0,2,0,0,0.75,0.25,88.5,0.0
CL00960,11,847,4,2,2,2,0,0,0,0.8181818181818182,0.0,136.0909090909091,1.0
CL00961,10,132,2,2,2,1,1,1,1,0.8,0.0,177.7,1.0
CL00962,14,127,5,2,3,0,1,1,2,0.8571428571428571,0.0,173.64285714285714,1.5
CL00963,12,867,5,3,1,0,2,0,1,0.8333333333333334,0.08333333333333333,144.75,0.3333333333333333
CL00964,5,81,1,0,1,0,1,1,1,0.8,0.0,156.0,0.0
CL00965,12,767,2,2,1,0,5,0,2,0.5,0.3333333333333333,150.75,0.5
CL00966,8,182,3,1,1,0,1,1,0,0.875,0.125,215.25,1.0
CL00967,2,9,0,1,0,0,1,0,0,0.5,0.5,278.5,0.0
CL00968,9,217,1,1,0,0,4,1,2,0.4444444444444444,0.3333333333333333,216.88888888888889,0.0
CL00969,11,843,5,0,3,1,1,0,1,0.6363636363636364,0.18181818181818182,160.72727272727272,0.0
CL00970,9,283,2,1,0,1,2,0,3,0.5555555555555556,0.0,169.66666666666666,0.0
CL00971,3,446,1,0,0,0,1,1,0,1.0,0.0,337.3333333333333,0.0
CL00972,12,489,5,2,1,0,2,0,1,0.8333333333333334,0.08333333333333333,139.58333333333334,0.5
CL00973,15,385,6,0,1,1,2,1,3,0.4,0.3333333333333333,136.66666666666666,0.0
CL00974,4,399,2,0,1,0,1,0,0,1.0,0.0,137.25,0.0
CL00975,3,900,1,0,1,0,1,0,0,1.0,0.0,163.66666666666666,0.0
CL00976,3,182,1,0,1,1,0,0,0,0.6666666666666666,0.0,303.3333333333333,0.0
CL00977,1,1,1,0,0,0,0,0,0,1.0,0.0,280.0,0.0
CL00978,13,537,6,1,0,1,4,0,0,0.8461538461538461,0.07692307692307693,151.53846153846155,0.0
CL00979,12,804,2,1,3,0,3,2,1,0.75,0.16666666666666666,141.58333333333334,3.0
CL00980,7,388,2,1,2,0,1,0,1,0.8571428571428571,0.0,150.14285714285714,2.0
CL00981,9,507,4,3,1,0,0,0,0,0.7777777777777778,0.2222222222222222,190.33333333333334,0.3333333333333333
CL00982,11,637,1,0,3,0,2,0,3,0.7272727272727273,0.0,223.1818181818182,0.0
CL00983,9,477,5,0,1,0,1,0,2,0.7777777777777778,0.0,151.33333333333334,0.0
CL00984,10,612,1,3,2,1,1,1,1,0.7,0.1,78.7,0.6666666666666666
CL00985,8,101,1,2,0,0,3,1,0,1.0,0.0,165.125,0.0
CL00986,17,639,8,5,1,0,1,1,1,0.7058823529411765,0.23529411764705882,116.58823529411765,0.2
CL00987,14,250,4,3,3,0,1,1,1,0.7857142857142857,0.14285714285714285,106.28571428571429,1.0
CL00988,20,482,7,3,4,0,3,1,2,0.85,0.05,179.3,1.3333333333333333
CL00989,9,505,3,0,1,0,3,0,2,0.7777777777777778,0.0,177.66666666666666,0.0
CL00990,9,132,3,2,2,0,1,0,0,1.0,0.0,101.88888888888889,1.0
CL00991,9,905,2,0,1,0,5,0,1,0.7777777777777778,0.1111111111111111,195.77777777777777,0.0
CL00992,12,616,6,1,2,0,2,0,1,0.75,0.16666666666666666,177.5,2.0
CL00993,1,1,0,0,0,1,0,0,0,0.0,0.0,154.0,0.0
CL00994,14,340,1,1,2,0,7,1,0,0.8571428571428571,0.14285714285714285,123.71428571428571,2.0
CL00995,15,425,6,3,2,0,4,0,0,0.8666666666666667,0.13333333333333333,179.66666666666666,0.6666666666666666
CL00996,3,172,0,1,1,0,1,0,0,1.0,0.0,373.0,1.0
CL00997,2,363,1,0,0,0,1,0,0,1.0,0.0,39.0,0.0
CL00998,1,1,0,0,0,1,0,0,0,0.0,0.0,102.0,0.0
CL00999,5,74,1,2,2,0,0,0,0,1.0,0.0,107.8,1.0
CL01000,25,308,7,3,3,1,4,1,6,0.68,0.04,144.36,1.0
CL01001,12,258,3,1,2,2,3,0,0,0.6666666666666666,0.16666666666666666,112.83333333333333,2.0
CL01002,9,232,2,1,2,1,1,1,1,0.7777777777777778,0.0,190.44444444444446,2.0
CL01003,15,168,4,3,1,1,5,0,0,0.8,0.13333333333333333,154.73333333333332,0.3333333333333333
CL01004,7,154,2,0,0,0,5,0,0,0.5714285714285714,0.42857142857142855,138.28571428571428,0.0
CL01005,10,935,1,1,1,1,3,2,1,0.8,0.0,169.2,1.0
CL01006,13,674,3,0,5,2,2,0,1,0.7692307692307693,0.0,205.53846153846155,0.0
CL01007,19,951,8,2,2,0,2,0,4,0.6842105263157895,0.10526315789473684,149.57894736842104,1.0
CL01008,3,292,2,0,1,0,0,0,0,1.0,0.0,117.0,0.0
CL01009,10,465,2,1,1,0,2,1,3,0.6,0.1,217.3,1.0
CL01010,5,424,2,0,1,0,2,0,0,0.8,0.2,140.2,0.0
CL01011,1,1,0,0,1,0,0,0,0,0.0,1.0,51.0,0.0
CL01012,8,283,2,1,0,0,2,1,0,0.75,0.25,131.0,0.0
CL01013,17,437,4,3,0,1,7,0,2,0.6470588235294118,0.17647058823529413,211.41176470588235,0.0
CL01014,7,779,1,0,3,0,2,0,1,0.8571428571428571,0.0,114.71428571428571,0.0
CL01015,19,404,7,3,1,1,5,0,2,0.7368421052631579,0.10526315789473684,154.94736842105263,0.3333333333333333
CL01016,8,328,1,2,1,0,3,0,1,0.5,0.375,144.625,0.5
CL01017,7,376,3,0,0,0,3,1,0,1.0,0.0,174.28571428571428,0.0
CL01018,4,496,1,1,0,0,1,0,1,0.75,0.0,121.0,0.0
CL01019,18,673,4,2,4,0,4,2,2,0.7777777777777778,0.1111111111111111,135.33333333333334,2.0
CL01020,11,446,1,4,1,0,3,1,1,0.7272727272727273,0.18181818181818182,177.0,0.25
CL01021,9,181,3,0,1,0,3,0,1,0.8888888888888888,0.0,164.66666666666666,0.0
CL01022,10,794,4,2,1,1,2,0,0,0.5,0.4,154.6,0.5
CL01023,6,634,2,0,1,0,3,0,0,1.0,0.0,133.66666666666666,0.0
CL01024,9,824,2,0,0,0,6,0,1,0.7777777777777778,0.1111111111111111,139.55555555555554,0.0
CL01025,13,231,1,4,3,0,4,0,0,1.0,0.0,180.92307692307693,0.75
CL01026,11,795,1,1,1,0,6,1,1,0.7272727272727273,0.18181818181818182,173.45454545454547,1.0
CL01027,2,495,0,0,0,0,1,0,1,0.5,0.0,132.0,0.0
CL01028,6,539,0,2,1,1,1,1,0,0.6666666666666666,0.16666666666666666,223.66666666666666,0.5
CL01029,7,532,3,2,0,2,0,0,0,0.7142857142857143,0.0,102.42857142857143,0.0
CL01030,14,319,3,2,1,2,3,1,2,0.7142857142857143,0.0,149.71428571428572,0.5
CL01031,8,415,3,1,1,0,2,0,1,0.875,0.0,169.125,1.0
CL01032,13,634,3,2,4,1,2,1,0,0.8461538461538461,0.07692307692307693,172.23076923076923,2.0
CL01033,12,722,6,0,3,0,2,0,1,0.8333333333333334,0.08333333333333333,171.58333333333334,0.0
CL01034,5,733,1,1,1,0,1,1,0,0.6,0.4,132.0,1.0
CL01035,9,529,1,2,1,0,1,1,2,0.5555555555555556,0.2222222222222222,102.33333333333333,0.5
CL01036,9,722,3,1,0,0,3,0,2,0.7777777777777778,0.0,186.66666666666666,0.0
CL01037,6,752,1,1,0,0,2,1,0,0.8333333333333334,0.16666666666666666,145.83333333333334,0.0
CL01038,15,1014,6,3,1,0,3,1,1,0.8666666666666667,0.06666666666666667,146.66666666666666,0.3333333333333333
CL01039,5,433,0,1,1,0,1,0,0,0.8,0.2,231.8,1.0
CL01040,4,123,0,1,0,0,1,0,0,0.75,0.25,100.0,0.0
CL01041,3,230,2,0,0,0,0,1,0,1.0,0.0,216.66666666666666,0.0
CL01042,4,810,0,0,0,1,2,0,0,0.75,0.0,184.0,0.0
CL01043,16,755,7,0,3,0,2,2,1,0.875,0.0625,138.75,0.0
CL01044,9,579,1,2,1,1,4,0,0,0.7777777777777778,0.1111111111111111,171.66666666666666,0.5
CL01045,12,862,2,1,1,1,4,0,2,0.5,0.25,136.66666666666666,1.0
CL01046,9,923,4,1,2,0,1,0,0,0.7777777777777778,0.2222222222222222,264.22222222222223,2.0
CL01047,6,622,1,0,2,0,2,1,0,0.8333333333333334,0.16666666666666666,154.66666666666666,0.0
CL01048,12,148,4,1,3,0,4,0,0,0.9166666666666666,0.08333333333333333,126.08333333333333,3.0
CL01049,2,246,0,1,0,0,1,0,0,1.0,0.0,138.5,0.0
CL01050,7,437,0,1,3,1,1,1,0,0.8571428571428571,0.0,122.28571428571429,3.0
CL01051,11,961,4,1,1,1,2,0,2,0.5454545454545454,0.18181818181818182,187.45454545454547,1.0
CL01052,6,322,1,0,2,0,2,0,1,0.8333333333333334,0.0,134.5,0.0
CL01053,8,210,0,2,3,0,1,0,2,0.5,0.25,213.125,1.5
CL01054,10,166,4,2,0,1,3,0,0,0.7,0.2,189.1,0.0
CL01055,8,610,2,1,1,0,0,0,3,0.625,0.0,108.25,1.0
CL01056,12,792,2,2,1,0,2,1,3,0.6666666666666666,0.08333333333333333,147.33333333333334,0.5
CL01057,7,744,3,1,1,2,0,0,0,0.5714285714285714,0.14285714285714285,176.71428571428572,1.0
CL01058,7,961,3,1,1,0,2,0,0,0.7142857142857143,0.2857142857142857,112.14285714285714,1.0
CL01059,8,569,4,0,1,0,2,1,0,0.75,0.25,144.75,0.0
CL01060,4,232,0,0,1,1,1,0,1,0.5,0.0,184.75,0.0
CL01061,13,355,0,1,2,1,3,3,0,0.7692307692307693,0.15384615384615385,135.6153846153846,2.0
CL01062,7,273,0,2,1,0,3,0,0,0.7142857142857143,0.2857142857142857,170.42857142857142,0.5
CL01063,11,397,3,2,1,0,3,0,1,0.2727272727272727,0.6363636363636364,126.27272727272727,0.5
CL01064,10,586,4,1,0,1,2,0,2,0.6,0.1,217.7,0.0
CL01065,7,585,3,0,1,0,2,0,1,0.8571428571428571,0.0,161.14285714285714,0.0
CL01066,8,322,3,0,0,0,3,0,2,0.625,0.125,228.875,0.0
CL01067,10,819,4,1,2,0,1,1,0,0.8,0.2,203.8,2.0
CL01068,1,1,0,0,0,0,1,0,0,1.0,0.0,111.0,0.0
CL01069,4,151,2,1,0,0,0,0,1,0.75,0.0,132.0,0.0
CL01070,19,723,6,2,1,1,3,2,3,0.7368421052631579,0.05263157894736842,188.0,0.5
CL01071,7,339,4,0,0,0,2,0,1,0.7142857142857143,0.14285714285714285,122.85714285714286,0.0
CL01072,8,820,3,0,0,0,4,1,0,1.0,0.0,129.125,0.0
CL01073,15,404,4,3,5,0,1,0,2,0.8,0.06666666666666667,185.6,1.6666666666666667
CL01074,3,403,1,0,1,0,1,0,0,0.6666666666666666,0.3333333333333333,163.66666666666666,0.0
CL01075,10,874,1,0,4,0,5,0,0,1.0,0.0,130.7,0.0
CL01076,4,504,2,0,0,1,1,0,0,0.5,0.25,249.0,0.0
CL01077,3,778,0,2,0,0,0,0,1,0.3333333333333333,0.3333333333333333,72.66666666666667,0.0
CL01078,13,490,2,0,2,1,3,1,3,0.6923076923076923,0.0,142.69230769230768,0.0
CL01079,3,543,1,0,1,0,1,0,0,0.6666666666666666,0.3333333333333333,144.66666666666666,0.0
CL01080,8,178,2,1,1,0,3,1,0,0.75,0.25,130.375,1.0
CL01081,4,670,2,1,0,0,1,0,0,1.0,0.0,101.25,0.0
CL01082,11,731,3,2,4,0,1,0,1,0.9090909090909091,0.0,132.72727272727272,2.0
CL01083,12,664,4,1,1,2,1,1,2,0.6666666666666666,0.0,140.5,1.0
CL01084,16,711,4,2,1,0,5,0,4,0.625,0.125,177.5625,0.5
CL01085,7,226,4,1,1,0,1,0,0,0.5714285714285714,0.42857142857142855,141.71428571428572,1.0
CL01086,13,985,6,1,3,0,1,1,1,0.7692307692307693,0.15384615384615385,136.53846153846155,3.0
CL01087,17,1090,4,2,3,1,4,0,1,0.5294117647058824,0.35294117647058826,125.58823529411765,1.5
CL01088,5,267,1,0,2,0,1,0,1,0.8,0.0,138.6,0.0
CL01089,12,629,1,3,2,0,3,2,0,0.9166666666666666,0.08333333333333333,168.41666666666666,0.6666666666666666
CL01090,3,70,0,0,0,0,2,0,1,0.6666666666666666,0.0,199.66666666666666,0.0
CL01091,6,323,3,0,2,0,0,0,0,1.0,0.0,80.33333333333333,0.0
CL01092,4,1092,2,0,1,0,1,0,0,1.0,0.0,136.5,0.0
CL01093,4,169,1,0,0,0,2,1,0,0.75,0.25,171.75,0.0
CL01094,3,59,1,0,0,2,0,0,0,0.3333333333333333,0.0,171.66666666666666,0.0
CL01095,16,1128,6,1,2,0,6,0,0,0.875,0.125,116.6875,2.0
CL01096,13,854,4,1,1,0,4,1,1,0.6923076923076923,0.23076923076923078,191.53846153846155,1.0
CL01097,10,441,3,3,0,2,1,0,0,0.6,0.2,93.9,0.0
CL01098,6,70,1,2,1,0,1,1,0,0.8333333333333334,0.16666666666666666,161.66666666666666,0.5
CL01099,15,164,5,4,2,0,2,1,1,0.6,0.3333333333333333,144.0,0.5
CL01100,16,326,5,2,1,0,5,1,1,0.9375,0.0,201.9375,0.5
CL01101,13,657,8,2,0,0,2,0,0,0.8461538461538461,0.15384615384615385,145.92307692307693,0.0
CL01102,9,63,1,2,1,1,2,0,2,0.6666666666666666,0.0,175.55555555555554,0.5
CL01103,9,233,4,1,1,0,2,0,1,0.7777777777777778,0.1111111111111111,181.0,1.0
CL01104,6,603,2,1,1,0,1,0,0,0.8333333333333334,0.16666666666666666,168.83333333333334,1.0
CL01105,6,147,1,0,0,1,2,1,0,0.8333333333333334,0.0,116.33333333333333,0.0
CL01106,10,186,2,1,2,1,2,1,0,0.8,0.1,210.1,2.0
CL01107,6,235,1,0,1,0,1,1,2,0.5,0.16666666666666666,120.16666666666667,0.0
CL01108,9,786,2,2,1,0,2,0,0,1.0,0.0,131.77777777777777,0.5
CL01109,13,1048,7,1,0,1,4,0,0,0.8461538461538461,0.07692307692307693,121.15384615384616,0.0
CL01110,3,135,0,0,1,0,0,1,0,1.0,0.0,266.0,0.0
CL01111,12,235,2,1,1,0,6,1,0,0.75,0.25,167.25,1.0
CL01112,15,208,7,4,1,1,1,1,0,0.8,0.13333333333333333,161.2,0.25
CL01113,11,425,2,1,2,1,4,1,0,0.8181818181818182,0.09090909090909091,185.27272727272728,2.0
CL01114,5,59,2,0,0,0,2,0,1,0.6,0.2,160.2,0.0
CL01115,7,831,5,1,0,0,0,1,0,1.0,0.0,145.85714285714286,0.0
CL01116,14,594,3,3,1,1,4,1,1,0.7142857142857143,0.14285714285714285,166.35714285714286,0.3333333333333333
CL01117,9,498,2,1,1,0,2,0,2,0.6666666666666666,0.1111111111111111,174.33333333333334,1.0
CL01118,10,944,6,1,0,1,1,1,0,0.8,0.1,216.2,0.0
CL01119,11,234,6,1,1,0,2,0,0,0.8181818181818182,0.18181818181818182,213.9090909090909,1.0
CL01120,7,804,2,1,2,0,2,0,0,1.0,0.0,255.42857142857142,2.0
CL01121,13,809,5,2,2,0,1,1,2,0.8461538461538461,0.0,88.38461538461539,1.0
CL01122,9,693,2,0,0,1,4,1,1,0.7777777777777778,0.0,148.11111111111111,0.0
CL01123,8,506,3,1,1,0,3,0,0,1.0,0.0,145.875,1.0
CL01124,13,912,2,2,2,3,3,0,1,0.38461538461538464,0.3076923076923077,152.30769230769232,1.0
CL01125,10,888,3,3,1,0,1,0,0,0.7,0.3,203.4,0.3333333333333333
CL01126,4,270,0,1,1,1,0,1,0,0.75,0.0,166.75,1.0
CL01127,15,320,5,2,1,0,4,0,2,0.6666666666666666,0.2,141.26666666666668,0.5
CL01128,8,500,3,1,2,1,1,0,0,0.875,0.0,194.75,2.0
CL01129,5,246,0,1,0,1,1,1,0,0.6,0.2,68.8,0.0
CL01130,14,1128,4,3,3,1,2,0,0,0.8571428571428571,0.07142857142857142,193.35714285714286,1.0
CL01131,1,1,0,0,0,0,0,0,0,1.0,0.0,199.0,0.0
CL01132,7,491,1,0,1,0,3,0,1,0.7142857142857143,0.14285714285714285,110.71428571428571,0.0
CL01133,5,209,0,2,1,0,2,0,0,1.0,0.0,183.0,0.5
CL01134,8,450,3,0,3,0,1,1,0,0.75,0.25,194.0,0.0
CL01135,10,571,2,1,2,3,2,0,0,0.7,0.0,186.5,2.0
CL01136,13,654,3,1,1,0,7,1,0,0.9230769230769231,0.07692307692307693,198.76923076923077,1.0
CL01137,13,852,5,0,3,0,4,0,0,0.8461538461538461,0.15384615384615385,149.07692307692307,0.0
CL01138,11,105,3,3,2,0,3,0,0,0.9090909090909091,0.09090909090909091,131.36363636363637,0.6666666666666666
CL01139,13,492,5,2,0,0,3,0,3,0.6923076923076923,0.07692307692307693,144.3846153846154,0.0
CL01140,13,972,4,0,5,1,0,1,1,0.7692307692307693,0.07692307692307693,207.6153846153846,0.0
CL01141,14,741,4,2,2,0,5,0,1,0.6428571428571429,0.2857142857142857,188.5,1.0
CL01142,16,1062,4,4,2,1,1,2,1,0.6875,0.1875,138.125,0.5
CL01143,10,750,4,2,1,0,2,1,0,0.9,0.1,158.1,0.5
CL01144,10,364,4,3,1,0,1,1,0,0.9,0.1,182.3,0.3333333333333333
CL01145,14,1021,2,0,6,2,2,0,0,0.7142857142857143,0.14285714285714285,207.0,0.0
CL01146,5,851,2,0,1,1,0,1,0,0.8,0.0,239.4,0.0
CL01147,3,139,1,1,0,0,1,0,0,1.0,0.0,100.66666666666667,0.0
CL01148,10,595,4,1,0,1,2,1,1,0.6,0.2,189.6,0.0
CL01149,2,6,1,0,0,0,0,0,0,0.5,0.5,121.0,0.0
CL01150,10,1100,1,2,2,1,1,2,1,0.7,0.1,122.3,1.0
CL01151,5,59,1,1,0,0,3,0,0,1.0,0.0,349.8,0.0
CL01152,7,229,2,1,1,1,2,0,0,0.8571428571428571,0.0,129.85714285714286,1.0
CL01153,8,989,2,1,0,1,1,0,1,0.5,0.25,175.375,0.0
CL01154,2,39,1,0,0,0,1,0,0,1.0,0.0,139.5,0.0
CL01155,19,327,5,2,1,0,7,2,2,0.7894736842105263,0.10526315789473684,128.31578947368422,0.5
CL01156,15,818,7,0,1,0,5,1,1,0.7333333333333333,0.2,142.06666666666666,0.0
CL01157,4,287,1,0,1,1,0,1,0,0.5,0.25,220.0,0.0
CL01158,12,260,3,4,0,0,2,1,1,0.75,0.16666666666666666,178.91666666666666,0.0
CL01159,20,1057,8,1,3,0,5,0,2,0.8,0.1,149.0,3.0
CL01160,2,337,0,0,0,0,1,0,0,1.0,0.0,214.0,0.0
CL01161,11,340,5,1,1,0,2,0,1,0.6363636363636364,0.2727272727272727,138.0909090909091,1.0
CL01162,6,480,3,0,0,0,2,0,1,0.8333333333333334,0.0,113.5,0.0
CL01163,6,262,3,0,0,1,1,1,0,0.6666666666666666,0.16666666666666666,154.33333333333334,0.0
CL01164,4,544,0,0,3,0,0,1,0,1.0,0.0,104.5,0.0
CL01165,15,647,5,0,2,0,3,2,3,0.7333333333333333,0.06666666666666667,191.13333333333333,0.0
CL01166,10,708,8,1,0,0,0,1,0,0.7,0.3,191.5,0.0
CL01167,1,1,1,0,0,0,0,0,0,1.0,0.0,82.0,0.0
CL01168,8,355,1,2,0,1,1,2,1,0.75,0.0,152.0,0.0
CL01169,12,866,3,3,0,1,3,0,0,0.9166666666666666,0.0,150.58333333333334,0.0
CL01170,7,838,2,2,2,0,1,0,0,0.7142857142857143,0.2857142857142857,181.57142857142858,1.0
CL01171,7,207,1,1,1,1,1,0,0,0.8571428571428571,0.0,93.42857142857143,1.0
CL01172,11,522,3,2,0,0,3,0,2,0.6363636363636364,0.18181818181818182,117.81818181818181,0.0
CL01173,8,180,0,2,0,1,2,2,0,0.875,0.0,131.5,0.0
CL01174,11,1104,2,1,3,1,3,1,0,0.8181818181818182,0.09090909090909091,144.72727272727272,3.0
CL01175,22,517,4,4,4,0,5,2,2,0.8181818181818182,0.09090909090909091,190.86363636363637,1.0
CL01176,3,161,1,1,1,0,0,0,0,0.0,1.0,238.33333333333334,1.0
CL01177,9,441,3,0,1,0,3,0,2,0.5555555555555556,0.2222222222222222,227.66666666666666,0.0
CL01178,14,764,5,2,1,1,5,0,0,0.7142857142857143,0.21428571428571427,145.85714285714286,0.5
CL01179,5,115,1,0,1,0,2,1,0,0.8,0.2,110.6,0.0
CL01180,15,975,4,2,0,3,4,2,0,0.6666666666666666,0.13333333333333333,157.46666666666667,0.0
CL01181,12,818,2,0,2,1,5,0,1,0.75,0.08333333333333333,220.33333333333334,0.0
CL01182,8,146,2,1,1,0,1,1,1,0.625,0.25,140.75,1.0
CL01183,15,599,7,1,2,0,4,0,1,0.8,0.13333333333333333,107.73333333333333,2.0
CL01184,14,652,6,4,2,0,2,0,0,0.7857142857142857,0.21428571428571427,199.21428571428572,0.5
CL01185,12,386,3,1,4,0,3,0,1,0.6666666666666666,0.25,169.5,4.0
CL01186,4,167,0,1,0,0,2,0,1,0.5,0.25,165.0,0.0
CL01187,19,849,8,3,3,0,2,1,2,0.8421052631578947,0.05263157894736842,145.78947368421052,1.0
CL01188,19,846,4,1,4,0,3,1,1,0.7368421052631579,0.21052631578947367,155.8421052631579,4.0
CL01189,10,456,5,2,1,0,1,0,1,0.9,0.0,178.8,0.5
CL01190,21,1108,6,4,4,1,2,1,1,0.7619047619047619,0.14285714285714285,154.95238095238096,1.0
CL01191,9,734,3,1,0,1,3,0,0,0.7777777777777778,0.1111111111111111,157.44444444444446,0.0
CL01192,8,492,3,2,1,1,1,0,0,0.625,0.25,87.125,0.5
CL01193,10,647,2,3,1,0,1,0,2,0.7,0.1,211.2,0.3333333333333333
CL01194,3,86,0,0,1,0,1,0,0,1.0,0.0,124.33333333333333,0.0
CL01195,7,424,2,1,1,1,0,0,2,0.42857142857142855,0.14285714285714285,202.57142857142858,1.0
CL01196,2,231,1,0,0,0,1,0,0,1.0,0.0,237.5,0.0
CL01197,4,128,3,1,0,0,0,0,0,1.0,0.0,124.75,0.0
CL01198,4,692,1,0,2,1,0,0,0,0.75,0.0,212.5,0.0
CL01199,12,274,5,3,1,0,1,1,0,0.6666666666666666,0.3333333333333333,180.66666666666666,0.3333333333333333
CL01200,11,397,4,2,1,0,3,1,0,0.8181818181818182,0.18181818181818182,159.27272727272728,0.5
CL01201,3,772,1,0,1,0,0,0,0,0.3333333333333333,0.6666666666666666,190.33333333333334,0.0
CL01202,12,137,4,1,2,1,2,1,1,0.75,0.08333333333333333,142.66666666666666,2.0
CL01203,8,690,1,4,1,0,2,0,0,1.0,0.0,180.125,0.25
CL01204,8,172,3,0,0,0,3,0,2,0.75,0.0,176.625,0.0
CL01205,9,864,2,1,2,2,0,0,1,0.6666666666666666,0.0,174.22222222222223,2.0
CL01206,4,629,0,1,1,0,0,0,1,0.5,0.25,255.5,1.0
CL01207,9,486,2,1,2,0,1,0,1,0.7777777777777778,0.1111111111111111,201.66666666666666,2.0
CL01208,2,35,2,0,0,0,0,0,0,1.0,0.0,62.5,0.0
CL01209,24,1056,9,1,3,1,4,2,2,0.75,0.125,163.16666666666666,3.0
CL01210,19,124,8,4,3,1,2,0,1,0.7894736842105263,0.10526315789473684,162.6315789473684,0.75
CL01211,16,651,5,2,3,0,3,0,2,0.8125,0.0625,184.125,1.5
CL01212,1,1,0,1,0,0,0,0,0,1.0,0.0,189.0,0.0
CL01213,5,162,0,0,0,1,3,1,0,0.8,0.0,144.2,0.0
CL01214,21,785,8,3,1,0,6,1,0,0.7619047619047619,0.23809523809523808,153.76190476190476,0.3333333333333333
CL01215,8,1029,2,3,1,1,0,0,1,0.75,0.0,144.75,0.3333333333333333
CL01216,17,408,10,1,1,0,4,1,0,0.9411764705882353,0.058823529411764705,172.23529411764707,1.0
CL01217,6,518,1,3,1,0,0,0,0,0.8333333333333334,0.16666666666666666,165.33333333333334,0.3333333333333333
CL01218,2,325,0,0,0,0,1,1,0,1.0,0.0,139.0,0.0
CL01219,21,219,4,1,5,2,3,3,1,0.6190476190476191,0.23809523809523808,190.95238095238096,5.0
CL01220,16,1059,4,2,4,1,2,0,1,0.8125,0.0625,200.125,2.0
CL01221,12,891,7,2,2,0,0,0,0,0.9166666666666666,0.08333333333333333,175.75,1.0
CL01222,14,700,2,2,1,2,2,1,1,0.6428571428571429,0.14285714285714285,130.14285714285714,0.5
CL01223,4,280,2,1,1,0,0,0,0,0.75,0.25,304.0,1.0
CL01224,9,370,1,2,1,1,1,1,1,0.6666666666666666,0.1111111111111111,219.66666666666666,0.5
CL01225,9,248,1,1,1,0,2,0,1,0.7777777777777778,0.1111111111111111,103.55555555555556,1.0
CL01226,10,1167,2,1,1,1,1,0,1,0.8,0.0,142.2,1.0
CL01227,7,863,0,4,0,1,2,0,0,0.5714285714285714,0.2857142857142857,180.28571428571428,0.0
CL01228,11,521,1,1,3,1,4,1,0,0.8181818181818182,0.09090909090909091,196.36363636363637,3.0
CL01229,7,381,2,1,2,0,2,0,0,1.0,0.0,205.28571428571428,2.0
CL01230,20,984,10,0,2,1,6,1,0,0.75,0.2,133.55,0.0
CL01231,7,110,0,1,3,1,2,0,0,0.8571428571428571,0.0,150.85714285714286,3.0
CL01232,2,375,0,0,0,1,0,0,0,0.0,0.5,95.5,0.0
CL01233,8,448,1,2,2,0,2,1,0,0.875,0.125,90.25,1.0
CL01234,16,277,7,4,4,0,1,0,0,0.875,0.125,208.0,1.0
CL01235,13,632,5,3,0,0,4,1,0,0.6923076923076923,0.3076923076923077,114.61538461538461,0.0
CL01236,13,524,2,2,1,0,6,0,1,0.7692307692307693,0.15384615384615385,126.6923076923077,0.5
CL01237,13,136,2,1,0,0,6,2,2,0.6923076923076923,0.15384615384615385,167.0,0.0
CL01238,13,713,1,4,0,0,3,2,2,0.7692307692307693,0.07692307692307693,179.15384615384616,0.0
CL01239,8,273,1,3,1,0,1,2,0,1.0,0.0,198.25,0.3333333333333333
CL01240,12,105,3,1,5,1,2,0,0,0.8333333333333334,0.08333333333333333,139.08333333333334,5.0
CL01241,12,922,3,1,4,0,2,1,0,0.9166666666666666,0.08333333333333333,107.75,4.0
CL01242,5,605,3,0,0,0,2,0,0,1.0,0.0,82.6,0.0
CL01243,10,322,1,3,1,0,2,2,1,0.8,0.1,161.6,0.3333333333333333
CL01244,11,893,5,1,2,0,0,2,0,0.9090909090909091,0.09090909090909091,140.9090909090909,2.0
CL01245,6,268,3,1,0,0,1,1,0,0.8333333333333334,0.16666666666666666,166.33333333333334,0.0
CL01246,20,707,6,0,3,0,6,1,4,0.65,0.15,112.15,0.0
CL01247,11,889,3,2,2,2,1,0,1,0.5454545454545454,0.18181818181818182,160.27272727272728,1.0
CL01248,3,691,0,0,1,0,2,0,0,1.0,0.0,229.0,0.0
CL01249,12,1057,5,2,2,0,2,0,1,0.75,0.16666666666666666,146.33333333333334,1.0
CL01250,7,141,4,1,0,0,1,0,1,0.42857142857142855,0.42857142857142855,121.14285714285714,0.0
CL01251,5,508,2,1,0,0,1,0,1,0.8,0.0,133.6,0.0
CL01252,11,249,2,2,2,0,2,2,1,0.8181818181818182,0.09090909090909091,138.36363636363637,1.0
CL01253,10,508,3,2,0,1,2,2,0,0.8,0.1,173.9,0.0
CL01254,13,943,2,1,2,0,2,2,2,0.7692307692307693,0.07692307692307693,135.53846153846155,2.0
CL01255,5,783,1,0,0,1,0,2,1,0.4,0.2,152.2,0.0
CL01256,9,917,2,0,0,1,3,1,2,0.6666666666666666,0.0,225.22222222222223,0.0
CL01257,8,296,0,2,1,0,3,1,0,0.75,0.25,107.0,0.5
CL01258,11,840,6,0,2,1,2,0,0,0.9090909090909091,0.0,154.8181818181818,0.0
CL01259,9,322,3,0,0,0,3,1,1,0.6666666666666666,0.2222222222222222,146.66666666666666,0.0
CL01260,23,230,10,2,4,1,3,1,1,0.6956521739130435,0.21739130434782608,182.34782608695653,2.0
CL01261,8,871,3,0,0,0,2,2,1,0.75,0.125,211.625,0.0
CL01262,19,466,7,2,3,0,2,0,3,0.6842105263157895,0.15789473684210525,150.94736842105263,1.5
CL01263,5,512,1,1,2,0,0,0,0,0.8,0.2,150.0,2.0
CL01264,7,540,3,2,0,0,2,0,0,1.0,0.0,80.42857142857143,0.0
CL01265,5,666,0,0,0,0,3,2,0,1.0,0.0,117.0,0.0
CL01266,15,606,5,1,1,3,1,1,3,0.6,0.0,173.86666666666667,1.0
CL01267,13,515,4,1,1,1,4,1,1,0.8461538461538461,0.0,148.69230769230768,1.0
CL01268,8,574,2,1,1,1,1,1,1,0.625,0.125,172.125,1.0
CL01269,11,833,5,1,1,0,2,1,0,0.6363636363636364,0.36363636363636365,253.36363636363637,1.0
CL01270,5,473,1,0,0,1,2,0,1,0.6,0.0,162.0,0.0
CL01271,8,955,3,1,3,0,1,0,0,0.875,0.125,213.75,3.0
CL01272,9,918,3,0,1,0,3,0,2,0.5555555555555556,0.2222222222222222,135.66666666666666,0.0
CL01273,22,783,9,3,2,1,4,0,3,0.7727272727272727,0.045454545454545456,147.8181818181818,0.6666666666666666
CL01274,13,407,5,0,1,1,4,0,2,0.6153846153846154,0.15384615384615385,147.0,0.0
CL01275,15,1059,7,4,0,0,2,1,0,0.9333333333333333,0.06666666666666667,178.93333333333334,0.0
CL01276,10,223,3,0,4,0,3,0,0,0.7,0.3,171.6,0.0
CL01277,9,673,5,1,0,0,1,0,1,0.8888888888888888,0.0,186.22222222222223,0.0
CL01278,1,1,1,0,0,0,0,0,0,1.0,0.0,96.0,0.0
CL01279,10,150,2,2,1,0,4,0,0,0.7,0.3,76.0,0.5
CL01280,9,278,1,0,2,1,3,0,2,0.5555555555555556,0.1111111111111111,128.11111111111111,0.0
CL01281,3,281,0,0,1,0,1,0,1,0.6666666666666666,0.0,68.33333333333333,0.0
CL01282,8,704,2,1,0,0,2,1,0,0.75,0.25,143.5,0.0
CL01283,19,143,6,2,2,1,4,1,2,0.7368421052631579,0.10526315789473684,177.78947368421052,1.0
CL01284,17,906,4,1,2,0,5,0,4,0.47058823529411764,0.29411764705882354,143.11764705882354,2.0
CL01285,14,335,3,1,3,1,4,1,1,0.7142857142857143,0.14285714285714285,160.5,3.0
CL01286,10,227,3,4,0,1,2,0,0,0.8,0.1,158.2,0.0
CL01287,5,724,2,0,2,0,0,0,1,0.4,0.4,292.4,0.0
CL01288,20,260,7,2,2,1,4,1,3,0.7,0.1,172.5,1.0
CL01289,9,290,5,0,2,0,0,0,2,0.7777777777777778,0.0,206.11111111111111,0.0
CL01290,15,826,4,6,1,0,0,2,2,0.6666666666666666,0.2,185.73333333333332,0.16666666666666666
CL01291,11,326,4,3,2,1,0,0,1,0.8181818181818182,0.0,204.45454545454547,0.6666666666666666
CL01292,2,157,0,0,0,0,1,0,1,0.5,0.0,64.5,0.0
CL01294,17,223,6,2,1,0,6,0,2,0.7058823529411765,0.17647058823529413,144.8235294117647,0.5
CL01295,8,927,0,2,0,0,2,0,2,0.75,0.0,171.125,0.0
CL01296,8,486,1,2,1,0,1,2,1,0.75,0.125,120.125,0.5
CL01297,9,415,3,1,1,1,1,0,0,0.8888888888888888,0.0,177.88888888888889,1.0
CL01298,4,104,0,1,0,0,1,0,1,0.75,0.0,92.0,0.0
CL01299,3,313,0,0,0,1,1,0,0,0.3333333333333333,0.3333333333333333,128.0,0.0
CL01300,15,323,5,0,3,0,4,0,2,0.6,0.26666666666666666,171.86666666666667,0.0
CL01301,1,1,0,0,0,0,0,0,1,0.0,0.0,168.0,0.0
CL01302,6,530,2,0,1,0,2,0,1,0.8333333333333334,0.0,106.33333333333333,0.0
CL01303,20,926,7,4,1,0,5,2,1,0.9,0.05,135.65,0.25
CL01304,11,679,1,4,1,2,2,0,0,0.6363636363636364,0.18181818181818182,145.9090909090909,0.25
CL01305,1,1,0,0,0,0,0,0,1,0.0,0.0,116.0,0.0
CL01306,17,197,5,0,3,0,5,1,1,0.8235294117647058,0.11764705882352941,212.64705882352942,0.0
CL01307,6,830,2,2,0,0,2,0,0,1.0,0.0,164.16666666666666,0.0
CL01308,14,843,5,3,1,0,3,2,0,0.8571428571428571,0.14285714285714285,156.5,0.3333333333333333
CL01309,11,385,3,0,1,2,3,0,1,0.6363636363636364,0.09090909090909091,159.72727272727272,0.0
CL01310,4,170,2,1,0,0,1,0,0,0.75,0.25,87.25,0.0
CL01311,8,131,4,1,1,1,1,0,0,0.75,0.125,161.125,1.0
CL01312,19,513,3,3,3,3,4,2,0,0.8421052631578947,0.0,212.57894736842104,1.0
CL01313,20,968,7,3,2,0,3,2,2,0.7,0.2,133.15,0.6666666666666666
CL01314,10,853,2,2,2,0,2,0,2,0.7,0.1,116.1,1.0
CL01315,7,499,3,1,0,0,0,1,2,0.7142857142857143,0.0,125.14285714285714,0.0
CL01316,12,876,3,1,3,0,1,1,3,0.6666666666666666,0.08333333333333333,142.58333333333334,3.0
CL01317,6,577,1,1,0,0,2,0,0,0.8333333333333334,0.16666666666666666,149.5,0.0
CL01318,24,604,8,5,1,3,4,1,1,0.625,0.20833333333333334,164.5,0.2
CL01319,13,305,2,2,3,0,1,1,1,0.7692307692307693,0.15384615384615385,196.30769230769232,1.5
CL01320,25,918,13,6,1,0,2,0,2,0.84,0.08,165.68,0.16666666666666666
CL01321,8,678,0,1,1,0,4,0,2,0.75,0.0,124.375,1.0
CL01322,7,333,2,0,0,0,2,2,0,0.8571428571428571,0.14285714285714285,161.42857142857142,0.0
CL01323,7,293,0,2,0,0,3,0,1,0.7142857142857143,0.14285714285714285,283.14285714285717,0.0
CL01324,9,985,2,2,0,0,3,1,1,0.7777777777777778,0.1111111111111111,154.33333333333334,0.0
CL01325,8,476,4,1,1,0,1,0,0,0.375,0.625,171.375,1.0
CL01326,11,614,2,3,0,1,3,0,1,0.7272727272727273,0.09090909090909091,134.1818181818182,0.0
CL01327,22,479,9,2,1,0,7,0,2,0.7727272727272727,0.13636363636363635,121.86363636363636,0.5
CL01328,13,491,1,3,2,3,2,0,2,0.46153846153846156,0.15384615384615385,141.76923076923077,0.6666666666666666
CL01329,17,328,3,3,4,1,3,1,1,0.8235294117647058,0.058823529411764705,133.1764705882353,1.3333333333333333
CL01330,9,1045,3,0,1,0,1,3,0,1.0,0.0,127.44444444444444,0.0
CL01331,7,1035,3,0,2,1,1,0,0,0.5714285714285714,0.2857142857142857,277.57142857142856,0.0
CL01332,13,587,5,2,0,1,2,0,2,0.7692307692307693,0.0,234.30769230769232,0.0
CL01333,12,231,1,2,0,1,6,2,0,0.75,0.16666666666666666,100.0,0.0
CL01334,8,302,1,1,0,0,5,0,1,0.625,0.25,190.0,0.0
CL01335,10,555,3,0,1,0,4,1,1,0.8,0.1,168.6,0.0
CL01336,12,939,6,2,1,0,2,0,0,0.9166666666666666,0.08333333333333333,174.08333333333334,0.5
CL01337,5,551,1,1,1,1,1,0,0,0.6,0.2,107.8,1.0
CL01338,7,863,0,3,0,0,4,0,0,0.8571428571428571,0.14285714285714285,101.28571428571429,0.0
CL01339,14,1024,7,1,1,0,4,1,0,0.9285714285714286,0.07142857142857142,171.07142857142858,1.0
CL01340,13,569,3,2,0,0,3,2,1,0.8461538461538461,0.07692307692307693,148.07692307692307,0.0
CL01341,7,392,4,1,0,0,0,1,1,0.8571428571428571,0.0,132.0,0.0
CL01342,16,589,2,4,0,0,6,2,1,0.75,0.1875,125.5,0.0
CL01343,13,178,5,2,0,1,3,1,1,0.6153846153846154,0.23076923076923078,153.15384615384616,0.0
CL01344,12,850,3,1,3,0,2,1,1,0.9166666666666666,0.0,98.5,3.0
CL01345,2,251,0,2,0,0,0,0,0,0.5,0.5,155.0,0.0
CL01346,9,617,2,2,2,0,2,0,0,1.0,0.0,185.22222222222223,1.0
CL01347,13,219,2,2,2,1,3,1,2,0.7692307692307693,0.0,223.3846153846154,1.0
CL01348,4,356,0,0,2,0,0,2,0,1.0,0.0,135.5,0.0
CL01349,7,326,1,0,0,1,2,0,2,0.42857142857142855,0.14285714285714285,203.28571428571428,0.0
CL01350,8,236,3,3,1,0,0,0,1,0.875,0.0,200.875,0.3333333333333333
CL01351,14,339,5,2,1,1,2,1,1,0.7142857142857143,0.14285714285714285,195.5,0.5
CL01352,9,700,4,2,1,0,2,0,0,0.7777777777777778,0.2222222222222222,182.0,0.5
CL01353,11,408,1,3,1,0,4,2,0,0.8181818181818182,0.18181818181818182,189.45454545454547,0.3333333333333333
CL01354,7,418,3,1,0,0,2,0,1,0.7142857142857143,0.14285714285714285,196.28571428571428,0.0
CL01355,3,12,0,0,0,0,2,0,1,0.6666666666666666,0.0,167.33333333333334,0.0
CL01356,14,267,4,1,4,1,3,0,0,0.7857142857142857,0.14285714285714285,135.64285714285714,4.0
CL01357,12,745,4,0,4,2,2,0,0,0.75,0.08333333333333333,143.41666666666666,0.0
CL01358,3,498,1,1,0,0,0,0,1,0.6666666666666666,0.0,219.0,0.0
CL01359,15,603,5,3,3,1,3,0,0,0.7333333333333333,0.2,152.46666666666667,1.0
CL01360,18,639,2,3,2,1,10,0,0,0.7777777777777778,0.16666666666666666,194.0,0.6666666666666666
CL01361,6,136,2,2,0,0,2,0,0,0.8333333333333334,0.16666666666666666,142.83333333333334,0.0
CL01362,16,108,4,6,4,0,1,1,0,1.0,0.0,161.625,0.6666666666666666
CL01363,8,407,1,1,3,2,1,0,0,0.5,0.25,224.875,3.0
CL01364,7,315,2,0,2,0,0,0,2,0.7142857142857143,0.0,171.28571428571428,0.0
CL01365,5,364,2,0,1,0,0,1,0,0.8,0.2,102.8,0.0
CL01366,6,241,3,0,2,0,0,0,1,0.5,0.3333333333333333,111.66666666666667,0.0
CL01367,11,107,1,0,2,1,1,2,3,0.5454545454545454,0.09090909090909091,166.27272727272728,0.0
CL01368,14,663,4,1,7,1,0,1,0,0.9285714285714286,0.0,106.71428571428571,7.0
CL01369,13,645,5,1,1,0,5,0,0,0.9230769230769231,0.07692307692307693,192.76923076923077,1.0
CL01370,3,152,0,0,1,0,1,0,0,0.6666666666666666,0.3333333333333333,259.6666666666667,0.0
CL01371,14,1047,5,2,1,0,3,0,1,0.7857142857142857,0.14285714285714285,156.85714285714286,0.5
CL01372,11,159,4,1,3,1,1,0,1,0.8181818181818182,0.0,122.0909090909091,3.0
CL01373,11,400,6,1,1,0,1,0,2,0.8181818181818182,0.0,109.0909090909091,1.0
CL01374,7,191,1,2,1,0,2,1,0,0.8571428571428571,0.14285714285714285,84.0,0.5
CL01375,10,902,1,0,0,1,3,1,2,0.6,0.1,137.7,0.0
CL01376,6,98,2,1,1,1,1,0,0,0.8333333333333334,0.0,155.0,1.0
CL01377,8,184,2,1,2,0,2,0,1,0.875,0.0,142.75,2.0
CL01378,5,385,2,0,0,1,2,0,0,0.6,0.2,139.2,0.0
CL01379,11,127,2,2,1,3,1,2,0,0.7272727272727273,0.0,142.54545454545453,0.5
CL01380,4,455,1,0,0,0,2,1,0,1.0,0.0,157.75,0.0
CL01381,6,752,1,1,0,0,2,0,1,0.8333333333333334,0.0,177.83333333333334,0.0
CL01382,10,1021,5,2,1,0,2,0,0,0.8,0.2,129.5,0.5
CL01383,16,393,6,3,2,0,3,0,0,1.0,0.0,168.6875,0.6666666666666666
CL01384,4,305,0,1,1,0,1,0,1,0.75,0.0,170.5,1.0
CL01385,2,136,1,1,0,0,0,0,0,1.0,0.0,33.5,0.0
CL01386,25,388,8,2,2,1,7,2,2,0.76,0.12,153.64,1.0
CL01387,5,315,2,1,0,0,2,0,0,1.0,0.0,104.6,0.0
CL01388,5,481,1,0,0,0,3,1,0,0.8,0.2,143.8,0.0
CL01389,14,239,4,2,1,1,2,1,1,0.7857142857142857,0.07142857142857142,150.57142857142858,0.5
CL01390,14,951,7,2,2,0,0,2,1,0.8571428571428571,0.07142857142857142,197.78571428571428,1.0
CL01391,13,403,5,5,1,0,1,1,0,0.9230769230769231,0.07692307692307693,143.15384615384616,0.2
CL01392,5,126,2,1,0,0,0,0,2,0.6,0.0,134.4,0.0
CL01393,9,501,4,1,1,0,2,1,0,0.8888888888888888,0.1111111111111111,128.55555555555554,1.0
CL01394,14,645,4,2,1,1,2,1,2,0.6428571428571429,0.14285714285714285,155.28571428571428,0.5
CL01395,5,647,1,1,1,0,1,1,0,0.6,0.4,211.8,1.0
CL01396,11,884,5,1,0,0,1,2,1,0.8181818181818182,0.09090909090909091,168.72727272727272,0.0
CL01397,2,191,0,0,0,0,1,0,1,0.0,0.5,84.0,0.0
CL01398,4,815,0,1,1,0,1,0,1,0.75,0.0,139.75,1.0
CL01399,5,366,2,1,0,0,2,0,0,1.0,0.0,125.6,0.0
CL01400,5,683,1,0,1,0,1,0,2,0.4,0.2,128.4,0.0
